,ai_positionx,ai_positiony,ai_positionz,combatheadshot,combatlegshot,combattakedown,combattargettype,combattypeofkill,combatweaponused,enemyarch,isltl,killdist,playermovetype,playerpositionx,playerpositiony,playerpositionz,playervehicletype,takedownstate
850,-1476.5697,-654.4828,100.883286,0,0,0.0,3,1,0,0x6BF561D1,1,0.0,0,-1476.2378,-653.7505,100.3969,Not in Vehicle,0.0
913,565.46466,991.9966,58.992085,0,0,0.0,3,1,1045603,0x4A22FC60,0,0.0,1,578.14825,974.15955,66.7061,Not in Vehicle,0.0
17,-61.738125,259.07486,105.02364,0,0,0.0,5,1,0,0xDA7E7AFE,0,0.0,0,-60.24997,258.13303,104.49504,Not in Vehicle,0.0
753,-851.4979,955.6899,101.28144,0,0,0.0,4,1,0,0xAAD6A3AD,0,0.0,17,-851.14526,957.2945,100.86272,Not in Vehicle,0.0
11,647.7985,458.77954,107.79945,0,0,0.0,5,1,0,0x12FA11A9,0,0.0,0,648.4023,459.46063,105.72681,Not in Vehicle,0.0
931,587.1685,981.7299,62.432068,0,0,0.0,3,1,1045603,0x4A22FC60,0,0.0,1,597.01953,973.4544,67.22568,Not in Vehicle,0.0
80,831.569,-936.0724,254.19695,0,0,0.0,3,1,0,0x4A22FC60,0,0.0,5,840.12494,-935.0375,252.07674,Not in Vehicle,0.0
366,15.502403,-979.61365,110.99009,0,0,0.0,5,1,0,0x12FA11A9,0,0.0,0,15.023989,-979.06775,110.1456,Not in Vehicle,0.0
768,607.04126,914.6527,125.73441,0,0,0.0,3,1,0,0x6BF561D1,0,0.0,0,605.6406,915.5729,124.273445,Not in Vehicle,0.0
617,-953.36316,1311.2329,111.61514,0,0,0.0,5,1,0,0x12FA11A9,0,0.0,5,-954.3568,1309.3643,110.678375,Not in Vehicle,0.0
184,622.7805,982.5194,53.65379,0,0,0.0,3,1,1045603,0xE1313617,1,0.0,1,610.09436,988.69214,61.314026,Not in Vehicle,0.0
734,-1886.4349,-1672.2365,108.48303,0,0,0.0,4,1,0,0xAAD6A3AD,0,0.0,5,-1889.925,-1670.7786,108.07977,Not in Vehicle,0.0
643,592.0605,999.50085,69.94924,0,0,0.0,3,1,1045603,0x4A22FC60,0,0.0,2,596.04535,994.3912,66.934,Not in Vehicle,0.0
103,-1285.6,-818.894,105.229256,0,0,0.0,4,1,0,0xAAD6A3AD,0,0.0,0,-1286.4225,-819.1915,104.76461,Not in Vehicle,0.0
14,539.4023,1747.8204,100.62908,0,0,0.0,3,1,0,0x6BF561D1,0,0.0,0,538.89374,1746.399,100.24494,Not in Vehicle,0.0
579,1099.2196,-1337.0011,122.48528,0,0,0.0,3,1,525023,0x6BF561D1,0,0.0,1,1106.1437,-1333.5079,136.41698,Not in Vehicle,0.0
16,-1504.5035,418.14352,100.40081,0,0,0.0,3,1,0,0x6BF561D1,0,0.0,4,-1503.4908,417.89624,99.99504,Not in Vehicle,0.0
703,803.95184,1081.469,99.78597,0,0,0.0,3,1,0,0x6BF561D1,1,0.0,5,805.7714,1080.6615,99.31302,Not in Vehicle,0.0
318,-1135.2943,517.224,98.59248,0,0,0.0,3,1,0,0x6BF561D1,0,0.0,0,-1137.1802,517.5573,98.14504,Not in Vehicle,0.0
707,414.40402,204.00862,105.277885,0,0,0.0,5,1,0,0x12FA11A9,0,0.0,3,412.56943,204.74835,104.525116,Not in Vehicle,0.0
593,-698.7293,710.6573,89.161026,0,0,0.0,3,1,0,0x6BF561D1,0,0.0,4,-697.8512,707.79004,88.72455,Not in Vehicle,0.0
143,-508.97934,434.58008,100.52461,0,0,0.0,4,1,0,0xAAD6A3AD,0,0.0,4,-511.5843,436.56943,100.05789,Not in Vehicle,0.0
363,-576.65686,435.95596,100.73087,0,0,0.0,5,1,0,0x12FA11A9,0,0.0,0,-575.9218,436.212,99.988014,Not in Vehicle,0.0
75,847.60095,-943.7313,256.60046,0,0,0.0,3,1,0,0x4A22FC60,0,0.0,1,844.79645,-939.00616,252.05579,Not in Vehicle,0.0
396,305.95532,243.44405,104.08046,0,0,0.0,5,1,0,0x12FA11A9,0,0.0,4,305.26135,247.2005,103.994965,Not in Vehicle,0.0
234,-704.7489,830.61957,101.981964,0,0,0.0,5,1,0,0x12FA11A9,0,0.0,17,-706.05743,828.9116,100.933395,Not in Vehicle,0.0
810,-1502.6165,-1357.5361,104.141045,0,0,0.0,4,1,0,0xAAD6A3AD,0,0.0,0,-1501.5223,-1357.6924,103.719505,Not in Vehicle,0.0
877,-319.78433,174.62447,100.49636,0,0,0.0,3,1,0,0xFC6A70F8,0,0.0,5,-323.70557,171.91798,100.11663,Not in Vehicle,0.0
420,392.94778,205.86234,104.90017,0,0,0.0,5,1,0,0x12FA11A9,0,0.0,0,393.93646,206.3991,103.952286,Not in Vehicle,0.0
144,-703.50336,708.8188,84.929016,0,0,0.0,3,1,0,0x6BF561D1,1,0.0,17,-703.1412,709.91235,84.48865,Not in Vehicle,0.0
863,-528.0284,-1298.3704,114.31064,0,0,0.0,3,1,525023,0x930829F9,0,0.0,1,-540.52313,-1302.524,126.98238,Not in Vehicle,0.0
587,-1120.8423,542.8574,107.418076,0,0,0.0,3,1,0,0x6BF561D1,0,0.0,4,-1119.7925,539.59595,107.00864,Not in Vehicle,0.0
128,449.57303,129.58456,104.24249,0,0,0.0,3,1,0,0xFC6A70F8,0,0.0,0,450.5185,129.50255,102.458595,Not in Vehicle,0.0
188,582.49084,1002.49475,60.838886,0,0,0.0,3,1,1045603,0x4A22FC60,1,0.0,1,578.2276,980.58813,67.69943,Not in Vehicle,0.0
870,-538.9428,107.51762,102.385086,0,0,0.0,3,1,0,0xFC6A70F8,0,0.0,0,-538.0742,107.48529,102.00213,Not in Vehicle,0.0
789,604.3403,990.46893,56.187443,0,0,0.0,3,1,1045603,0x4A22FC60,0,0.0,1,599.31805,979.63745,66.71686,Not in Vehicle,0.0
403,327.7456,189.25148,104.09184,0,0,0.0,5,1,0,0x12FA11A9,0,0.0,1,326.71652,190.80199,103.99739,Not in Vehicle,0.0
327,614.29095,1007.8455,63.414852,0,0,0.0,3,1,1045603,0x4A22FC60,0,0.0,1,594.175,994.70447,60.566933,Not in Vehicle,0.0
623,524.741,-653.3309,108.599915,0,0,0.0,4,1,0,0xAAD6A3AD,0,0.0,18,527.37476,-652.2439,108.07308,Not in Vehicle,0.0
576,-246.15108,964.16064,117.50144,0,0,0.0,3,1,0,0x6BF561D1,1,0.0,0,-246.70934,965.6069,117.014404,Not in Vehicle,0.0
513,286.76193,-328.033,104.597496,0,0,0.0,5,1,0,0x12FA11A9,0,0.0,5,284.27515,-327.31583,104.039474,Not in Vehicle,0.0
891,-497.02692,449.79507,108.13415,0,0,0.0,4,1,0,0xAAD6A3AD,1,0.0,16,-495.13486,451.94373,107.66979,Not in Vehicle,0.0
94,-1897.2683,-1729.2072,105.65961,0,0,0.0,4,1,0,0xAAD6A3AD,0,0.0,16,-1897.1927,-1729.9084,105.14793,Not in Vehicle,0.0
141,-765.073,667.0529,99.994644,0,0,0.0,3,1,0,0x6BF561D1,1,0.0,0,-764.5448,665.2954,99.70327,Not in Vehicle,0.0
462,552.1102,-175.40004,90.93308,0,0,0.0,3,1,0,0xB2B12B51,0,0.0,0,551.3095,-175.84187,90.499084,Not in Vehicle,0.0
433,-1513.3278,285.1565,100.72531,0,0,0.0,5,1,0,0xDA7E7AFE,0,0.0,0,-1513.9962,287.32858,100.23474,Not in Vehicle,0.0
541,597.8967,1018.11444,66.10264,0,0,0.0,3,1,1045603,0x4A22FC60,0,0.0,1,577.5691,1013.9668,63.833572,Not in Vehicle,0.0
46,855.61383,-930.8443,250.93364,0,0,0.0,3,1,0,0x2F7B991A,0,0.0,1,845.08124,-942.5929,252.056,Not in Vehicle,0.0
990,591.97784,1011.17426,60.021503,0,0,0.0,3,1,1045603,0x4A22FC60,0,0.0,1,592.3138,1000.3789,71.222115,Not in Vehicle,0.0
841,609.1975,1003.8424,68.087944,0,0,0.0,3,1,1045603,0x4A22FC60,0,0.0,1,606.8492,1012.1296,66.350784,Not in Vehicle,0.0
355,308.97336,-634.19806,109.35331,0,0,0.0,5,1,0,0x12FA11A9,0,0.0,5,306.3891,-634.555,108.62628,Not in Vehicle,0.0
614,486.21344,1707.1956,97.184875,0,0,0.0,3,1,0,0x6BF561D1,0,0.0,0,485.58826,1705.9917,96.69558,Not in Vehicle,0.0
145,-709.5739,707.41675,82.7462,0,0,0.0,3,1,0,0x6BF561D1,1,0.0,0,-710.33685,707.0969,82.33606,Not in Vehicle,0.0
731,-781.21313,1448.3054,106.50789,0,0,0.0,5,1,0,0x12FA11A9,1,0.0,5,-784.4958,1446.7388,106.06438,Not in Vehicle,0.0
964,-75.836624,-1003.2465,110.26427,0,0,0.0,3,1,0,0x6BF561D1,0,0.0,4,-77.41255,-1003.74316,109.895546,Not in Vehicle,0.0
316,-1097.3921,564.3883,99.372604,0,0,0.0,3,1,0,0x6BF561D1,0,0.0,0,-1097.8865,563.6752,98.96712,Not in Vehicle,0.0
492,129.40752,223.13928,105.77435,0,0,0.0,5,1,0,0xC267B78A,0,0.0,0,128.30438,221.81396,104.45432,Not in Vehicle,0.0
53,825.7441,-961.6541,252.9753,0,0,0.0,3,1,0,0xB2B12B51,0,0.0,1,838.7735,-951.5296,252.05598,Not in Vehicle,0.0
924,552.9692,981.63916,53.976105,0,0,0.0,3,1,1045603,0xE1313617,0,0.0,1,568.01654,997.6085,66.09875,Not in Vehicle,0.0
269,-703.8713,616.2609,102.00977,0,0,0.0,3,1,0,0x6BF561D1,0,0.0,3,-703.07355,615.5564,101.45944,Not in Vehicle,0.0
750,-1160.8102,108.239105,107.948746,0,0,0.0,3,1,0,0x6BF561D1,0,0.0,4,-1160.35,104.95988,107.52351,Not in Vehicle,0.0
191,601.4858,989.92285,60.53092,0,0,0.0,3,1,1045603,0x4A22FC60,1,0.0,1,589.5503,984.41846,63.39156,Not in Vehicle,0.0
851,-2234.314,-1325.062,104.70321,0,0,0.0,3,1,0,0x6BF561D1,0,0.0,3,-2233.8623,-1325.3445,104.29478,Not in Vehicle,0.0
918,583.0264,998.64294,69.58508,0,0,0.0,3,1,1045603,0x4A22FC60,0,0.0,1,582.54706,1005.49457,66.36773,Not in Vehicle,0.0
670,-658.64197,1542.8849,107.19123,0,0,0.0,3,1,0,0x2C307430,1,0.0,0,-659.14044,1541.373,106.65683,Not in Vehicle,0.0
558,608.4278,1017.59357,64.62643,0,0,0.0,3,1,1045603,0x4A22FC60,0,0.0,1,613.3111,980.92737,66.84889,Not in Vehicle,0.0
755,-685.8467,717.1135,83.14289,0,0,0.0,3,1,0,0x6BF561D1,1,0.0,0,-686.4434,717.5914,82.16921,Not in Vehicle,0.0
821,203.07605,572.3632,103.575386,0,0,0.0,3,1,0,0xFC6A70F8,0,0.0,4,205.05984,571.81616,103.16855,Not in Vehicle,0.0
994,563.35223,990.7829,63.400566,0,0,0.0,3,1,1045603,0x4A22FC60,0,0.0,1,579.04553,968.33044,66.3917,Not in Vehicle,0.0
260,454.39017,57.840668,99.77887,0,0,0.0,3,1,0,0xFC6A70F8,0,0.0,0,454.03665,59.175823,99.08225,Not in Vehicle,0.0
215,-1063.3904,803.6182,100.955444,0,0,0.0,3,1,0,0x6BF561D1,0,0.0,0,-1064.5045,803.58466,100.462456,Not in Vehicle,0.0
131,418.3091,189.26254,105.292404,0,0,0.0,3,1,0,0xFC6A70F8,0,0.0,1,419.3313,190.56401,104.94468,Not in Vehicle,0.0
110,-1114.3848,535.55817,126.50549,0,0,0.0,3,1,525023,0x6BF561D1,0,0.0,16,-1120.1167,541.9453,127.78227,Not in Vehicle,0.0
957,-610.16504,-539.26227,96.895706,0,0,0.0,3,1,0,0x6BF561D1,0,0.0,4,-607.6492,-538.2521,96.32103,Not in Vehicle,0.0
644,584.831,996.7315,65.117516,0,0,0.0,3,1,1045603,0x4A22FC60,0,0.0,1,583.09705,991.35565,62.08219,Not in Vehicle,0.0
140,-543.9864,434.04974,100.41218,0,0,0.0,3,1,0,0x6BF561D1,1,0.0,4,-544.81744,431.11188,100.05627,Not in Vehicle,0.0
275,565.31854,1007.1765,57.099842,0,0,0.0,3,1,1045603,0x4A22FC60,0,0.0,1,576.01495,983.2479,63.598347,Not in Vehicle,0.0
515,-1041.1971,765.3132,105.40503,0,0,0.0,5,1,0,0xC267B78A,1,0.0,3,-1035.6956,762.84064,100.11944,Not in Vehicle,0.0
806,1064.551,-1452.4708,115.85204,0,0,0.0,3,1,0,0x6BF561D1,0,0.0,0,1062.4407,-1452.9509,115.35827,Not in Vehicle,0.0
3,192.68816,204.72623,104.655075,0,0,0.0,5,1,0,0x12FA11A9,0,0.0,0,194.66687,204.80112,104.0928,Not in Vehicle,0.0
253,-1076.6935,-42.92628,104.472626,0,0,0.0,3,1,0,0x6BF561D1,0,0.0,0,-1077.7539,-43.911957,104.11288,Not in Vehicle,0.0
972,-1147.7607,553.6332,111.16356,0,0,0.0,3,1,0,0x6BF561D1,0,0.0,5,-1144.3225,556.04755,108.22447,Not in Vehicle,0.0
688,454.13593,148.90514,104.24522,0,0,0.0,5,1,0,0x12FA11A9,0,0.0,0,451.73856,148.3937,103.25152,Not in Vehicle,0.0
437,-1389.4022,142.46382,104.424324,0,0,0.0,5,1,0,0x12FA11A9,0,0.0,0,-1387.8508,141.3605,103.971504,Not in Vehicle,0.0
952,538.3598,-209.99686,95.90745,0,0,0.0,3,1,0,0x6BF561D1,1,0.0,1,537.6654,-209.17368,95.52153,Not in Vehicle,0.0
572,-1628.2872,412.36484,101.932785,0,0,0.0,3,1,0,0x6BF561D1,1,0.0,0,-1627.6221,411.9459,101.48915,Not in Vehicle,0.0
908,553.25183,981.9928,54.325165,0,0,0.0,3,1,1045603,0xE1313617,0,0.0,1,566.62,1009.9137,62.234844,Not in Vehicle,0.0
276,594.63513,1019.7142,58.56688,0,0,0.0,3,1,1045603,0x4A22FC60,0,0.0,2,575.84674,1008.2968,59.28013,Not in Vehicle,0.0
219,-694.3743,1078.6659,102.26919,0,0,0.0,3,1,0,0x6BF561D1,0,0.0,5,-695.2263,1076.9349,101.839485,Not in Vehicle,0.0
109,-1077.3834,554.5619,107.40226,0,0,0.0,3,1,0,0x6BF561D1,1,0.0,0,-1078.3151,554.8664,106.991516,Not in Vehicle,0.0
738,-495.63852,-516.85034,97.85216,0,0,0.0,3,1,0,0x6BF561D1,0,0.0,0,-495.7453,-515.0668,97.4433,Not in Vehicle,0.0
98,-1673.3796,374.10602,101.97742,0,0,0.0,3,1,0,0x6BF561D1,1,0.0,1,-1674.6555,374.3357,101.497856,Not in Vehicle,0.0
26,-611.708,-1792.4647,125.29486,0,0,0.0,3,1,525023,0x6BF561D1,1,0.0,1,-624.20856,-1778.4254,121.916504,Not in Vehicle,0.0
419,-1412.7916,-488.58798,96.611565,0,0,0.0,3,1,0,0x6BF561D1,0,0.0,0,-1411.437,-487.7343,96.23537,Not in Vehicle,0.0
668,640.8513,-1755.4792,116.25847,0,0,0.0,4,1,0,0xAAD6A3AD,0,0.0,0,638.54193,-1756.4084,115.83557,Not in Vehicle,0.0
791,619.6337,1008.76917,65.988464,0,0,0.0,3,1,1045603,0x4A22FC60,0,0.0,1,619.45355,993.4262,64.4238,Not in Vehicle,0.0
254,362.18494,246.06604,104.58948,0,0,0.0,3,1,0,0x6BF561D1,0,0.0,0,361.51608,246.20105,104.09327,Not in Vehicle,0.0
153,662.4089,-1494.7,108.48766,0,0,0.0,3,1,0,0x6BF561D1,0,0.0,0,661.66437,-1495.2814,108.045364,Not in Vehicle,0.0
117,378.92355,199.34776,106.40408,0,0,0.0,3,1,0,0xFC6A70F8,0,0.0,0,378.23813,199.05923,104.00054,Not in Vehicle,0.0
501,-767.15814,-1614.8038,106.100914,0,0,0.0,3,1,0,0xFC6A70F8,0,0.0,0,-766.23444,-1614.2438,105.552,Not in Vehicle,0.0
813,880.25055,1620.9521,87.63023,0,0,0.0,3,1,0,0x6BF561D1,1,0.0,5,884.299,1620.5106,87.21751,Not in Vehicle,0.0
904,558.50635,1017.68884,63.19711,0,0,0.0,3,1,1045603,0x4A22FC60,0,0.0,1,578.7963,997.2092,66.402405,Not in Vehicle,0.0
724,309.61093,267.73984,104.69436,0,0,0.0,5,1,0,0x12FA11A9,0,0.0,0,309.19772,266.45157,103.993324,Not in Vehicle,0.0
573,-1638.1227,401.8311,102.00632,0,0,0.0,3,1,0,0x6BF561D1,0,0.0,0,-1637.3088,401.7223,101.49999,Not in Vehicle,0.0
297,-107.19923,1084.5035,101.10011,0,0,0.0,5,1,0,0x12FA11A9,0,0.0,1,-106.822,1085.6094,99.99504,Not in Vehicle,0.0
566,-817.8261,-1209.8657,109.981575,0,0,0.0,3,1,0,0x6BF561D1,0,0.0,0,-816.83923,-1211.3741,109.52299,Not in Vehicle,0.0
372,-1721.5099,-1137.4724,106.70583,0,0,0.0,3,1,0,0x4FE9FE79,0,0.0,1,-1738.8372,-1115.546,103.95512,Not in Vehicle,0.0
690,443.49716,178.77261,105.82841,0,0,0.0,5,1,0,0x12FA11A9,0,0.0,0,443.15903,179.73523,105.144714,Not in Vehicle,0.0
899,573.6517,980.4441,66.62933,0,0,0.0,3,1,1045603,0x4A22FC60,0,0.0,1,587.01483,994.7894,62.231083,Not in Vehicle,0.0
182,-702.9257,688.0826,101.1074,0,0,0.0,3,1,0,0x6BF561D1,0,0.0,17,-701.1231,685.67645,100.70472,Not in Vehicle,0.0
652,607.91565,977.73517,61.520935,0,0,0.0,3,1,1045603,0x4A22FC60,0,0.0,16,617.6552,985.59735,54.62362,Not in Vehicle,0.0
956,-628.93604,-549.38556,96.60596,0,0,0.0,3,1,0,0x6BF561D1,0,0.0,0,-630.03894,-550.4528,96.14429,Not in Vehicle,0.0
440,109.17968,16.797808,100.344536,0,0,0.0,5,1,0,0xDA7E7AFE,0,0.0,0,108.66378,15.976005,99.923676,Not in Vehicle,0.0
965,555.5378,392.7853,105.88229,0,0,0.0,5,1,0,0x12FA11A9,0,0.0,0,554.8061,393.46844,105.224945,Not in Vehicle,0.0
258,451.67847,183.82895,105.41862,0,0,0.0,3,1,0,0x6BF561D1,0,0.0,1,450.58713,182.21265,104.99122,Not in Vehicle,0.0
179,-1493.9133,-1343.5813,96.672646,0,0,0.0,4,1,0,0xAAD6A3AD,1,0.0,0,-1494.7434,-1343.9792,96.325005,Not in Vehicle,0.0
149,-712.27783,710.0168,82.77537,0,0,0.0,3,1,0,0x6BF561D1,1,0.0,4,-712.5494,712.82574,82.33416,Not in Vehicle,0.0
702,-852.8122,1397.651,106.9101,0,0,0.0,5,1,0,0x12FA11A9,1,0.0,0,-852.2029,1395.34,106.119865,Not in Vehicle,0.0
197,-39.924908,-1182.349,108.53591,0,0,0.0,5,1,0,0xDA7E7AFE,0,0.0,0,-39.347946,-1180.4181,108.036415,Not in Vehicle,0.0
627,-1159.9354,112.57536,107.92409,0,0,0.0,3,1,0,0x6BF561D1,0,0.0,0,-1160.2972,113.24671,107.52848,Not in Vehicle,0.0
794,30.158081,-280.96658,101.0565,0,0,0.0,3,1,0,0x6BF561D1,0,0.0,4,30.010828,-280.97586,98.99145,Not in Vehicle,0.0
206,77.73187,-1220.895,109.42088,0,0,0.0,5,1,0,0x12FA11A9,0,0.0,5,73.77411,-1222.0941,108.60554,Not in Vehicle,0.0
708,266.15585,201.52374,104.74448,0,0,0.0,5,1,0,0x12FA11A9,0,0.0,0,265.0179,201.40251,103.98586,Not in Vehicle,0.0
710,295.68683,228.10695,104.19998,0,0,0.0,5,1,0,0x12FA11A9,0,0.0,4,295.69812,229.74838,104.01009,Not in Vehicle,0.0
293,-99.57636,1096.3279,100.4467,0,0,0.0,3,1,0,0x6BF561D1,0,0.0,0,-100.22609,1096.6875,100.07898,Not in Vehicle,0.0
418,299.45773,208.24974,105.59101,0,0,0.0,3,1,0,0x6BF561D1,0,0.0,1,299.36926,211.477,104.00265,Not in Vehicle,0.0
0,423.9115,244.73726,105.63631,0,0,0.0,5,1,0,0xC267B78A,0,0.0,0,423.74893,246.5743,105.194244,Not in Vehicle,0.0
727,319.30057,289.47818,104.409424,0,0,0.0,5,1,0,0x12FA11A9,0,0.0,5,316.24356,290.964,104.000206,Not in Vehicle,0.0
252,763.6152,915.79474,101.69017,0,0,0.0,3,1,0,0x6BF561D1,1,0.0,17,758.9937,912.4528,100.00889,Not in Vehicle,0.0
381,601.4434,1007.7434,72.520515,0,0,0.0,3,1,1045603,0x4A22FC60,0,0.0,16,601.5624,1014.289,67.42323,Not in Vehicle,0.0
126,342.33322,272.98236,104.77947,0,0,0.0,3,1,0,0x6BF561D1,0,0.0,0,342.23618,273.80038,103.97429,Not in Vehicle,0.0
49,841.10187,-927.79504,254.79295,0,0,0.0,3,1,0,0xB2B12B51,0,0.0,1,844.60425,-932.62085,252.0562,Not in Vehicle,0.0
933,591.4449,980.00256,66.64512,0,0,0.0,3,1,1045603,0x4A22FC60,0,0.0,1,601.1005,989.6513,60.32541,Not in Vehicle,0.0
412,301.88254,187.45229,104.104996,0,0,0.0,5,1,0,0x12FA11A9,0,0.0,1,302.35806,186.34961,103.99674,Not in Vehicle,0.0
816,-1231.5923,-1231.8695,109.15557,0,0,0.0,3,1,0,0x6BF561D1,0,0.0,4,-1233.1833,-1230.3977,108.76717,Not in Vehicle,0.0
306,537.10535,1725.0568,109.54203,0,0,0.0,3,1,0,0x2F7B991A,0,0.0,3,540.3508,1723.5405,107.446815,Not in Vehicle,0.0
938,569.3466,1003.5583,63.763786,0,0,0.0,3,1,1045603,0x4A22FC60,0,0.0,1,577.57697,970.3025,66.83412,Not in Vehicle,0.0
718,410.02167,208.72714,104.8525,0,0,0.0,5,1,0,0x12FA11A9,0,0.0,0,409.06592,208.78427,104.37574,Not in Vehicle,0.0
283,552.94867,-163.99445,100.811066,0,0,0.0,3,1,0,0x6BF561D1,0,0.0,0,553.2696,-163.26746,99.41612,Not in Vehicle,0.0
374,410.28732,-1422.6234,115.54458,0,0,0.0,3,1,0,0x6BF561D1,1,0.0,5,413.98566,-1422.3423,113.95803,Not in Vehicle,0.0
893,-1001.44,841.5,102.76,0,0,0.0,3,1,0,0xA46327C1,0,0.0,0,-1001.5024,842.0965,100.60462,Not in Vehicle,0.0
448,-1478.193,324.31693,100.36668,0,0,0.0,5,1,0,0x12FA11A9,0,0.0,0,-1475.7407,324.5406,99.951744,Not in Vehicle,0.0
919,586.3256,980.8634,63.363457,0,0,0.0,3,1,1045603,0x4A22FC60,0,0.0,1,599.6455,971.57886,67.141685,Not in Vehicle,0.0
113,-1504.4874,-1341.8292,96.54387,0,0,0.0,4,1,0,0xAAD6A3AD,0,0.0,0,-1507.1404,-1342.067,96.13318,Not in Vehicle,0.0
264,-1079.0845,552.1781,107.38936,0,0,0.0,3,1,0,0x6BF561D1,0,0.0,0,-1078.2312,551.26984,106.999054,Not in Vehicle,0.0
711,437.5189,301.10294,105.465355,0,0,0.0,5,1,0,0x12FA11A9,0,0.0,0,436.6798,299.8071,104.59274,Not in Vehicle,0.0
548,605.39484,984.4673,62.743073,0,0,0.0,3,1,1045603,0x4A22FC60,0,0.0,1,618.1063,976.4326,62.787376,Not in Vehicle,0.0
948,-1229.7816,-1232.8696,109.252426,0,0,0.0,3,1,0,0x6BF561D1,1,0.0,16,-1227.4384,-1233.2455,108.745674,Not in Vehicle,0.0
778,650.2661,-1777.4744,111.07048,0,0,0.0,4,1,0,0xAAD6A3AD,1,0.0,5,652.0013,-1778.2563,109.97191,Not in Vehicle,0.0
894,854.95447,1606.3955,95.17655,0,0,0.0,3,1,0,0x6BF561D1,1,0.0,0,855.824,1605.6488,94.66459,Not in Vehicle,0.0
60,821.76886,-945.616,251.81802,0,0,0.0,3,1,0,0x4A22FC60,0,0.0,1,828.0652,-946.8589,252.056,Not in Vehicle,0.0
977,-2231.5117,-1335.9509,104.710526,0,0,0.0,3,1,0,0x6BF561D1,0,0.0,0,-2231.0984,-1335.3644,104.28318,Not in Vehicle,0.0
577,1128.3606,-1468.7892,112.155174,0,0,0.0,3,1,0,0xF487EE76,0,0.0,0,1127.925,-1470.1082,111.516304,Not in Vehicle,0.0
111,-1118.6383,535.9511,127.44264,0,0,0.0,3,1,525023,0x6BF561D1,0,0.0,16,-1121.029,538.7918,127.78169,Not in Vehicle,0.0
822,-257.68304,749.8168,102.17688,0,0,0.0,3,1,0,0xFC6A70F8,0,0.0,0,-259.77295,750.2693,101.71236,Not in Vehicle,0.0
74,827.4052,-955.6607,254.53748,0,0,0.0,3,1,0,0x4A22FC60,0,0.0,4,830.6488,-946.8962,252.05586,Not in Vehicle,0.0
860,564.0713,1630.5393,103.13686,0,0,0.0,3,1,0,0x6BF561D1,1,0.0,0,563.22656,1630.8875,102.641685,Not in Vehicle,0.0
56,827.8026,-949.9484,255.02196,0,0,0.0,3,1,0,0x4A22FC60,0,0.0,3,827.91486,-940.346,252.05582,Not in Vehicle,0.0
896,583.0856,958.36975,54.403347,0,0,0.0,3,1,0,0x4A22FC60,0,0.0,0,582.3815,959.0731,53.995167,Not in Vehicle,0.0
108,-1122.1082,533.2544,126.3939,0,0,0.0,3,1,0,0x6BF561D1,1,0.0,4,-1119.3296,532.4539,126.12123,Not in Vehicle,0.0
181,-286.25812,186.71326,121.97835,0,0,0.0,3,1,0,0xFC6A70F8,0,0.0,0,-285.32098,186.9535,121.757904,Not in Vehicle,0.0
987,581.4376,1003.05005,64.90944,0,0,0.0,3,1,1045603,0x4A22FC60,0,0.0,1,598.60236,999.86475,66.74044,Not in Vehicle,0.0
23,7.04307,240.19234,105.35141,0,0,0.0,5,1,0,0x12FA11A9,0,0.0,5,8.39759,239.12454,104.495735,Not in Vehicle,0.0
659,659.47754,-1756.4486,116.28565,0,0,0.0,4,1,0,0xAAD6A3AD,0,0.0,0,657.91455,-1756.4141,115.839134,Not in Vehicle,0.0
314,381.42233,217.47429,105.271935,0,0,0.0,3,1,0,0xFC6A70F8,0,0.0,0,381.31592,218.96964,104.89729,Not in Vehicle,0.0
499,-1045.496,605.17615,100.837006,0,0,0.0,3,1,0,0xFC6A70F8,0,0.0,4,-1046.9807,602.9141,98.84722,Not in Vehicle,0.0
298,-102.56326,1111.7937,100.76989,0,0,0.0,5,1,0,0x12FA11A9,0,0.0,0,-102.839226,1110.8566,99.99489,Not in Vehicle,0.0
534,621.7697,980.3889,61.113403,0,0,0.0,3,1,1045603,0x4A22FC60,0,0.0,1,623.8047,993.1927,65.81905,Not in Vehicle,0.0
425,316.15454,275.54117,104.58764,0,0,0.0,5,1,0,0xC267B78A,0,0.0,1,315.7083,273.5166,104.05388,Not in Vehicle,0.0
648,556.74646,1006.3865,63.332207,0,0,0.0,3,1,1045603,0x4A22FC60,0,0.0,1,570.23065,994.07153,62.079376,Not in Vehicle,0.0
901,602.1038,984.29736,62.08601,0,0,0.0,3,1,1045603,0x4A22FC60,0,0.0,1,599.66437,969.8433,66.9251,Not in Vehicle,0.0
51,836.5689,-948.23364,253.4468,0,0,0.0,3,1,0,0x4A22FC60,0,0.0,1,827.936,-947.19275,252.05595,Not in Vehicle,0.0
886,-1749.2563,-1099.1427,110.187904,0,0,0.0,3,1,0,0x4FE9FE79,0,0.0,1,-1665.6414,-1212.9545,111.71232,Not in Vehicle,0.0
86,848.58295,-939.92926,254.90866,0,0,0.0,3,1,0,0x4A22FC60,0,0.0,3,845.7781,-934.5432,252.05618,Not in Vehicle,0.0
867,-834.3596,1178.5382,104.871994,0,0,0.0,3,1,0,0x6BF561D1,1,0.0,0,-833.2918,1178.012,104.42204,Not in Vehicle,0.0
520,-613.1443,480.3558,101.86047,0,0,0.0,5,1,525023,0xC267B78A,0,0.0,1,-603.9155,482.43405,108.10942,Not in Vehicle,0.0
476,833.8494,1128.6956,96.53538,0,0,0.0,3,1,0,0x6BF561D1,0,0.0,0,834.9648,1128.0474,96.62767,Not in Vehicle,0.0
10,184.4921,214.39561,104.562996,0,0,0.0,3,1,0,0x6BF561D1,0,0.0,5,185.27379,210.67583,104.115814,Not in Vehicle,0.0
100,-1158.63,112.756195,107.9287,0,0,0.0,3,1,0,0x6BF561D1,1,0.0,16,-1157.194,110.421906,107.5139,Not in Vehicle,0.0
466,-1474.6849,-561.33057,101.192444,0,0,0.0,3,1,0,0xB2B12B51,0,0.0,0,-1474.7156,-559.88916,100.7058,Not in Vehicle,0.0
565,-767.26605,-1211.8541,108.36246,0,0,0.0,3,1,0,0xFC6A70F8,0,0.0,0,-768.34686,-1211.9758,107.85809,Not in Vehicle,0.0
525,-318.27594,1410.8591,101.85942,0,0,0.0,3,1,0,0x6BF561D1,1,0.0,0,-317.74103,1412.465,101.49103,Not in Vehicle,0.0
609,-2037.5007,-849.7627,105.220474,0,0,0.0,5,1,0,0x12FA11A9,0,0.0,1,-2036.3135,-849.8577,103.827324,Not in Vehicle,0.0
909,556.8284,976.383,66.1311,0,0,0.0,3,1,1045603,0x4A22FC60,0,0.0,1,567.88745,975.77,70.41013,Not in Vehicle,0.0
713,-614.35583,1369.3817,105.39682,0,0,0.0,3,1,0,0x6BF561D1,1,0.0,0,-614.84485,1369.755,103.37381,Not in Vehicle,0.0
136,6.922115,245.66425,104.87354,0,0,0.0,3,1,0,0x6BF561D1,0,0.0,0,7.600186,244.79651,104.51378,Not in Vehicle,0.0
981,563.0731,1012.6502,66.19076,0,0,0.0,3,1,1045603,0x4A22FC60,0,0.0,1,562.3889,994.9043,66.72336,Not in Vehicle,0.0
460,-1136.0173,560.75464,107.37225,0,0,0.0,3,1,0,0x6BF561D1,1,0.0,0,-1136.5471,562.1542,106.98107,Not in Vehicle,0.0
568,-211.67168,-1339.0295,107.70473,0,0,0.0,5,1,0,0xDA7E7AFE,1,0.0,0,-209.99654,-1340.9094,106.009796,Not in Vehicle,0.0
942,553.055,982.1567,54.400967,0,0,0.0,3,1,1045603,0xE1313617,0,0.0,1,562.0329,994.4861,58.46389,Not in Vehicle,0.0
337,23.064138,1480.2079,148.46852,0,0,0.0,3,1,0,0x6BF561D1,0,0.0,0,21.482601,1481.3641,148.07378,Not in Vehicle,0.0
960,-5.103173,-969.9294,110.34676,0,0,0.0,5,1,0,0x12FA11A9,0,0.0,0,-6.760336,-970.1651,110.00103,Not in Vehicle,0.0
601,572.42804,985.8505,68.71799,0,0,0.0,3,1,1045603,0x4A22FC60,1,0.0,1,562.5267,1005.9286,67.606224,Not in Vehicle,0.0
484,112.12845,37.651962,101.059456,0,0,0.0,3,1,0,0x6BF561D1,0,0.0,4,113.23075,35.148243,100.476265,Not in Vehicle,0.0
928,589.084,1018.0334,57.85853,0,0,0.0,3,1,1045603,0xE1313617,0,0.0,1,594.1112,1006.42096,66.08132,Not in Vehicle,0.0
417,409.94965,208.22284,105.9357,0,0,0.0,5,1,0,0x12FA11A9,0,0.0,0,410.06403,204.9999,104.480225,Not in Vehicle,0.0
255,542.2896,310.9374,105.60734,0,0,0.0,3,1,0,0xB2B12B51,0,0.0,0,543.3728,310.76373,104.99523,Not in Vehicle,0.0
782,892.50104,1584.3107,97.0297,0,0,0.0,3,1,0,0x6BF561D1,1,0.0,0,891.923,1585.762,96.48656,Not in Vehicle,0.0
134,576.14215,323.16248,105.592735,0,0,0.0,3,1,0,0x6BF561D1,0,0.0,4,578.6138,323.9129,105.14958,Not in Vehicle,0.0
763,607.51086,912.71844,124.8447,0,0,0.0,3,1,0,0x6BF561D1,0,0.0,0,606.9462,912.0561,124.273445,Not in Vehicle,0.0
445,105.641846,13.250642,99.31461,0,0,0.0,5,1,0,0x12FA11A9,0,0.0,0,106.019516,13.899557,99.11528,Not in Vehicle,0.0
656,598.88104,982.1117,72.849236,0,0,0.0,3,1,1045603,0x4A22FC60,0,0.0,1,599.1228,974.2833,70.56123,Not in Vehicle,0.0
257,449.1771,187.32266,105.404625,0,0,0.0,3,1,0,0x6BF561D1,0,0.0,1,450.93274,188.35504,104.99771,Not in Vehicle,0.0
97,-1426.3351,403.3207,107.08324,0,0,0.0,5,1,525015,0x12FA11A9,1,0.0,1,-1426.9005,404.78824,106.975075,Not in Vehicle,0.0
274,571.7141,1005.1333,66.70932,0,0,0.0,3,1,1045603,0x4A22FC60,0,0.0,1,572.86676,977.7999,66.85826,Not in Vehicle,0.0
751,422.43436,269.58038,108.529396,0,0,0.0,3,1,0,0xFC6A70F8,0,0.0,0,422.49918,268.39017,105.193825,Not in Vehicle,0.0
955,-521.27344,309.6109,95.44976,0,0,0.0,3,1,0,0xFC6A70F8,0,0.0,0,-519.4963,311.36688,94.357475,Not in Vehicle,0.0
613,-2201.7441,-1341.2511,104.771286,0,0,0.0,3,1,0,0x6BF561D1,0,0.0,1,-2201.27,-1339.8672,104.321976,Not in Vehicle,0.0
231,-866.13324,660.9678,100.3607,0,0,0.0,5,1,0,0x12FA11A9,0,0.0,5,-870.6973,658.1172,99.82782,Not in Vehicle,0.0
846,-1522.4988,-1353.2434,105.499,0,0,0.0,4,1,0,0xAAD6A3AD,0,0.0,1,-1522.3113,-1355.9598,103.83557,Not in Vehicle,0.0
835,-323.375,1432.7721,102.13057,0,0,0.0,3,1,0,0x6BF561D1,0,0.0,17,-323.20224,1431.9017,101.682274,Not in Vehicle,0.0
434,144.8664,6.705903,100.63807,0,0,0.0,5,1,0,0xDA7E7AFE,0,0.0,0,143.99503,7.095184,100.20333,Not in Vehicle,0.0
334,555.1488,-206.61192,99.99074,0,0,0.0,5,1,0,0x12FA11A9,0,0.0,3,557.4996,-202.26317,94.19035,Not in Vehicle,0.0
20,-80.79962,258.65,105.16482,0,0,0.0,5,1,0,0xDA7E7AFE,0,0.0,0,-80.409904,262.20627,104.49504,Not in Vehicle,0.0
653,553.4826,982.26605,54.258648,0,0,0.0,3,1,1045603,0xE1313617,0,0.0,1,570.58014,991.56396,67.58044,Not in Vehicle,0.0
125,139.82654,59.378258,101.53319,0,0,0.0,3,1,0,0x6BF561D1,0,0.0,5,141.1773,60.599236,101.11034,Not in Vehicle,0.0
392,300.5904,254.67967,104.38988,0,0,0.0,3,1,0,0x6BF561D1,0,0.0,0,300.63052,252.87086,103.995056,Not in Vehicle,0.0
280,585.46765,948.9541,56.263237,0,0,0.0,3,1,0,0x4A22FC60,0,0.0,0,585.44885,948.95557,54.237415,Not in Vehicle,0.0
773,626.01953,895.97406,123.85171,0,0,0.0,3,1,0,0x6BF561D1,0,0.0,0,627.91486,895.38947,122.61106,Not in Vehicle,0.0
615,376.37424,218.48679,105.87919,0,0,0.0,3,1,0,0xFC6A70F8,0,0.0,0,376.76825,220.08525,104.72752,Not in Vehicle,0.0
783,-320.452,1404.6742,101.938705,0,0,0.0,3,1,0,0x6BF561D1,0,0.0,4,-319.94653,1405.1138,101.47997,Not in Vehicle,0.0
842,577.7168,986.0773,63.560413,0,0,0.0,3,1,1045603,0x4A22FC60,0,0.0,1,574.6617,975.19434,66.33301,Not in Vehicle,0.0
430,-1421.4258,362.93375,102.00149,0,0,0.0,5,1,0,0x12FA11A9,0,0.0,0,-1420.1152,363.93073,99.99462,Not in Vehicle,0.0
71,845.56476,-923.514,253.15025,0,0,0.0,3,1,0,0x4A22FC60,0,0.0,5,839.60785,-930.2936,252.05602,Not in Vehicle,0.0
161,405.5845,260.7191,104.839935,0,0,0.0,5,1,0,0x12FA11A9,0,0.0,0,404.20456,259.1792,104.31759,Not in Vehicle,0.0
296,-116.28299,1085.9268,101.55094,0,0,0.0,5,1,0,0x12FA11A9,0,0.0,1,-116.538376,1086.519,99.99505,Not in Vehicle,0.0
332,-1019.19073,-178.7055,98.02429,0,0,0.0,5,1,0,0xC267B78A,0,0.0,0,-1018.4136,-178.10376,97.56159,Not in Vehicle,0.0
674,409.29968,268.93152,105.05145,0,0,0.0,5,1,0,0x12FA11A9,0,0.0,5,409.25482,271.79935,104.620544,Not in Vehicle,0.0
406,-1368.5859,-531.49316,100.98498,0,0,0.0,3,1,0,0x6BF561D1,0,0.0,0,-1367.6127,-531.4064,99.9904,Not in Vehicle,0.0
514,-1028.7374,754.5613,104.09151,0,0,0.0,3,1,0,0x6BF561D1,1,0.0,3,-1035.6956,762.84064,100.11944,Not in Vehicle,0.0
758,-286.81134,931.4191,109.48336,0,0,0.0,3,1,0,0xFC6A70F8,0,0.0,0,-286.78107,933.37933,109.00504,Not in Vehicle,0.0
594,-704.4263,721.0187,89.16926,0,0,0.0,3,1,0,0x6BF561D1,0,0.0,3,-705.2263,720.67694,88.70369,Not in Vehicle,0.0
371,-1762.7963,-1131.3497,107.25864,0,0,0.0,3,1,0,0x4FE9FE79,0,0.0,1,-1738.8372,-1115.546,103.95512,Not in Vehicle,0.0
815,-790.027,1139.294,110.28094,0,0,0.0,3,1,0,0x6BF561D1,1,0.0,4,-790.8592,1137.6583,109.36611,Not in Vehicle,0.0
450,-1519.7771,388.48016,101.740005,0,0,0.0,3,1,0,0x6BF561D1,0,0.0,4,-1519.4204,387.43857,99.75609,Not in Vehicle,0.0
660,-828.1873,128.21156,114.5845,0,0,0.0,4,1,0,0xDFFE7978,0,0.0,1,-827.77496,136.22086,118.195854,Not in Vehicle,0.0
989,585.21844,1003.72876,64.24354,0,0,0.0,3,1,1045603,0x4A22FC60,0,0.0,1,605.9486,1008.11896,66.734505,Not in Vehicle,0.0
798,-1570.0059,522.48083,43.372444,0,0,0.0,5,1,659643,0x4A6FEA01,0,0.0,1,-1573.0778,522.59406,43.344288,Not in Vehicle,0.0
546,556.72174,998.0231,63.408646,0,0,0.0,3,1,1045603,0x4A22FC60,0,0.0,1,554.7908,981.16266,65.65212,Not in Vehicle,0.0
491,506.2568,1697.3269,97.1181,0,0,0.0,3,1,0,0x6BF561D1,0,0.0,4,503.40143,1697.6243,96.69878,Not in Vehicle,0.0
885,-1772.6927,-1140.084,109.60261,0,0,0.0,3,1,0,0x4FE9FE79,0,0.0,16,-1703.5945,-1162.5304,109.97882,Not in Vehicle,0.0
326,-322.64133,1423.0726,107.69851,0,0,0.0,5,1,0,0xC267B78A,0,0.0,0,-324.36902,1422.2305,107.16651,Not in Vehicle,0.0
263,-1070.6486,547.15875,109.17228,0,0,0.0,3,1,0,0x6BF561D1,0,0.0,0,-1071.3013,548.564,108.94774,Not in Vehicle,0.0
73,835.6797,-932.7544,254.46715,0,0,0.0,3,1,0,0x4A22FC60,0,0.0,3,826.67426,-941.2775,252.05598,Not in Vehicle,0.0
733,-827.7498,952.8178,101.353424,0,0,0.0,4,1,0,0xAAD6A3AD,0,0.0,1,-829.3269,952.42224,100.94795,Not in Vehicle,0.0
287,-104.69545,1095.8278,101.46968,0,0,0.0,5,1,0,0xC267B78A,0,0.0,0,-103.93713,1096.3236,99.99504,Not in Vehicle,0.0
267,-1276.99,-915.59973,118.6004,0,0,0.0,3,1,0,0x6BF561D1,0,0.0,4,-1280.2056,-918.43805,118.100365,Not in Vehicle,0.0
866,900.1086,-951.4434,112.63091,0,0,0.0,5,1,0,0xDA7E7AFE,0,0.0,0,898.5388,-951.08,111.954636,Not in Vehicle,0.0
226,-1443.6451,620.02466,100.17054,0,0,0.0,5,1,0,0x12FA11A9,0,0.0,0,-1445.057,619.6848,99.97997,Not in Vehicle,0.0
42,850.54663,-946.4507,257.16617,0,0,0.0,3,1,1045603,0xB2B12B51,0,0.0,2,845.7875,-924.3885,262.7424,Not in Vehicle,0.0
24,132.50407,215.2867,104.77128,0,0,0.0,5,1,0,0x12FA11A9,0,0.0,5,135.4864,213.84,104.300415,Not in Vehicle,0.0
988,571.0323,988.7476,59.22992,0,0,0.0,3,1,1045603,0x4A22FC60,0,0.0,1,584.5606,1002.31036,63.050987,Not in Vehicle,0.0
945,614.48773,977.4279,61.90046,0,0,0.0,3,1,1045603,0x4A22FC60,0,0.0,1,597.7343,983.2325,66.84887,Not in Vehicle,0.0
847,-689.77344,719.49774,81.94074,0,0,0.0,3,1,0,0x6BF561D1,1,0.0,17,-689.8641,717.25073,82.16135,Not in Vehicle,0.0
856,-1609.7905,397.7925,103.00005,0,0,0.0,3,1,0,0x6BF561D1,0,0.0,0,-1608.5178,396.46426,101.490486,Not in Vehicle,0.0
719,413.96094,274.45877,105.36344,0,0,0.0,5,1,0,0x12FA11A9,0,0.0,1,413.83734,273.02005,104.61618,Not in Vehicle,0.0
699,-613.3813,1388.4662,103.89624,0,0,0.0,5,1,0,0x12FA11A9,1,0.0,0,-612.2612,1388.5809,103.38914,Not in Vehicle,0.0
478,-328.26218,-1521.7292,114.92848,0,0,0.0,3,1,525023,0x6BF561D1,0,0.0,1,-352.3754,-1492.2201,114.23618,Not in Vehicle,0.0
497,-687.44635,705.2172,90.4646,0,0,0.0,3,1,0,0x6BF561D1,0,0.0,0,-687.4334,704.3253,88.758545,Not in Vehicle,0.0
121,377.19107,197.61768,106.640526,0,0,0.0,3,1,0,0x6BF561D1,0,0.0,0,378.01892,197.92383,104.000694,Not in Vehicle,0.0
542,584.504,1013.33734,68.10709,0,0,0.0,3,1,1045603,0x4A22FC60,0,0.0,1,599.2842,978.84204,68.200554,Not in Vehicle,0.0
820,271.378,763.9806,101.59472,0,0,0.0,3,1,0,0xFC6A70F8,0,0.0,0,271.081,762.7859,101.191154,Not in Vehicle,0.0
985,580.27277,1008.6891,65.81533,0,0,0.0,3,1,1045603,0x4A22FC60,0,0.0,1,582.2186,994.5904,62.807655,Not in Vehicle,0.0
915,562.30457,975.5196,68.25007,0,0,0.0,3,1,1045603,0x4A22FC60,0,0.0,1,552.7048,975.56836,69.25146,Not in Vehicle,0.0
967,-1624.1042,396.35828,101.91064,0,0,0.0,3,1,0,0x6BF561D1,0,0.0,16,-1623.0983,398.64853,101.499695,Not in Vehicle,0.0
795,30.275236,-280.72562,99.40415,0,0,0.0,3,1,0,0x6BF561D1,0,0.0,4,33.808624,-280.63348,98.99451,Not in Vehicle,0.0
84,831.54395,-935.7944,254.04015,0,0,0.0,3,1,0,0x4A22FC60,0,0.0,1,839.06274,-931.40857,252.05614,Not in Vehicle,0.0
247,849.63403,-870.8802,113.43892,0,0,0.0,5,1,0,0x12FA11A9,1,0.0,0,849.1754,-870.0883,112.49772,Not in Vehicle,0.0
236,-749.93713,739.85004,100.266235,0,0,0.0,5,1,0,0x12FA11A9,0,0.0,4,-752.7162,738.4519,99.78291,Not in Vehicle,0.0
201,303.7918,313.26108,104.487526,0,0,0.0,5,1,0,0xDA7E7AFE,1,0.0,0,304.2186,314.70786,103.98488,Not in Vehicle,0.0
357,117.92249,-424.86484,107.36497,0,0,0.0,5,1,0,0x12FA11A9,0,0.0,0,119.6218,-424.9757,106.616585,Not in Vehicle,0.0
63,841.0942,-935.15344,254.62932,0,0,0.0,3,1,0,0x2F7B991A,0,0.0,1,844.5957,-941.24365,252.05606,Not in Vehicle,0.0
212,-799.4163,734.262,100.34484,0,0,0.0,5,1,0,0x12FA11A9,0,0.0,5,-802.41046,733.1563,99.68629,Not in Vehicle,0.0
735,-1985.6586,-928.22046,104.561615,0,0,0.0,5,1,0,0x12FA11A9,0,0.0,1,-1987.4314,-928.75806,104.13953,Not in Vehicle,0.0
898,574.6539,993.4274,56.932663,0,0,0.0,3,1,0,0x4A22FC60,0,0.0,3,573.3878,995.6166,54.994656,Not in Vehicle,0.0
467,-1107.0278,800.22797,72.39157,0,0,0.0,5,1,659643,0x4A6FEA01,1,0.0,1,-996.33606,836.8142,110.62648,Not in Vehicle,0.0
155,297.22955,216.81447,104.561,0,0,0.0,5,1,0,0xC267B78A,0,0.0,0,295.8396,216.81908,104.008644,Not in Vehicle,0.0
516,583.7417,362.33157,110.64374,0,0,0.0,3,1,0,0x6BF561D1,0,0.0,4,582.95557,363.73712,110.260864,Not in Vehicle,0.0
997,605.443,977.2246,58.75243,0,0,0.0,3,1,1045603,0x4A22FC60,0,0.0,1,603.1441,986.4019,67.243195,Not in Vehicle,0.0
225,-1966.312,-614.7758,104.70486,0,0,0.0,3,1,0,0x6BF561D1,0,0.0,5,-1967.0537,-616.03046,103.485695,Not in Vehicle,0.0
754,-649.45984,-575.6128,94.47685,0,0,0.0,5,1,0,0x12FA11A9,0,0.0,0,-648.7371,-575.35974,94.10757,Not in Vehicle,0.0
180,497.05823,1248.3934,98.10268,0,0,0.0,3,1,0,0x6BF561D1,0,0.0,0,497.40918,1247.6913,97.69336,Not in Vehicle,0.0
598,580.3846,1007.3245,64.981964,0,0,0.0,3,1,1045603,0x4A22FC60,1,0.0,1,563.367,1020.1535,67.61337,Not in Vehicle,0.0
976,-2231.6604,-1339.2136,104.73694,0,0,0.0,3,1,0,0x6BF561D1,0,0.0,16,-2229.5203,-1338.7605,104.31368,Not in Vehicle,0.0
133,444.25443,104.776764,102.907135,0,0,0.0,3,1,0,0xFC6A70F8,0,0.0,0,445.10834,104.39122,102.49453,Not in Vehicle,0.0
843,-1535.6499,-1360.6365,104.25751,0,0,0.0,4,1,0,0xAAD6A3AD,0,0.0,0,-1534.947,-1360.7179,103.74932,Not in Vehicle,0.0
130,148.94638,59.837193,101.87493,0,0,0.0,3,1,0,0x6BF561D1,0,0.0,0,149.30913,59.057587,101.392235,Not in Vehicle,0.0
129,289.07733,197.35005,105.157135,0,0,0.0,3,1,0,0x6BF561D1,0,0.0,5,292.51013,198.2907,104.00096,Not in Vehicle,0.0
505,-2235.6013,-1323.7382,104.78525,0,0,0.0,3,1,0,0x6BF561D1,0,0.0,0,-2234.3513,-1324.3872,104.29015,Not in Vehicle,0.0
160,394.2817,258.9057,105.10003,0,0,0.0,5,1,0,0xDA7E7AFE,0,0.0,0,393.21466,259.5368,103.91401,Not in Vehicle,0.0
879,-282.94485,162.6696,124.327324,0,0,0.0,3,1,525023,0x6BF561D1,0,0.0,1,-298.89496,163.91098,132.08052,Not in Vehicle,0.0
278,576.8481,1014.2612,58.231667,0,0,0.0,3,1,1045603,0x4A22FC60,0,0.0,2,577.66693,983.0573,58.36164,Not in Vehicle,0.0
878,-311.3524,174.4737,101.33463,0,0,0.0,3,1,0,0xFC6A70F8,0,0.0,0,-309.86856,174.5877,101.07169,Not in Vehicle,0.0
848,-733.0061,-1214.1102,108.40682,0,0,0.0,3,1,0,0xFC6A70F8,0,0.0,0,-733.6254,-1214.5759,108.12866,Not in Vehicle,0.0
421,350.26743,186.1959,104.445564,0,0,0.0,3,1,0,0x6BF561D1,0,0.0,5,353.11978,187.80219,104.04542,Not in Vehicle,0.0
662,-493.6512,227.41844,123.38947,0,0,0.0,3,1,0,0x6BF561D1,0,0.0,0,-492.47717,226.78946,123.08542,Not in Vehicle,0.0
830,-1140.4819,108.992004,112.8688,0,0,0.0,3,1,0,0x6BF561D1,0,0.0,16,-1144.3346,109.68958,112.4485,Not in Vehicle,0.0
390,296.34027,188.43686,104.73408,0,0,0.0,3,1,0,0x6BF561D1,0,0.0,0,296.2361,190.15836,103.99702,Not in Vehicle,0.0
986,586.6968,1001.9532,61.10573,0,0,0.0,3,1,1045603,0x4A22FC60,0,0.0,1,592.96375,992.1451,62.805004,Not in Vehicle,0.0
971,-709.9104,700.843,81.436455,0,0,0.0,3,1,0,0x6BF561D1,1,0.0,4,-708.70447,698.9651,81.05177,Not in Vehicle,0.0
356,425.8061,-648.0278,109.58562,0,0,0.0,5,1,0,0x12FA11A9,0,0.0,4,428.34436,-647.91034,107.9483,Not in Vehicle,0.0
793,620.8042,977.85645,60.016014,0,0,0.0,3,1,1045603,0x4A22FC60,0,0.0,1,622.84296,989.6827,62.349785,Not in Vehicle,0.0
44,820.496,-941.0454,252.85544,0,0,0.0,3,1,1045603,0x2F7B991A,0,0.0,2,816.7846,-930.7071,265.4103,Not in Vehicle,0.0
171,-324.38196,1409.0201,101.92955,0,0,0.0,3,1,0,0x6BF561D1,1,0.0,0,-325.80466,1409.2317,101.44525,Not in Vehicle,0.0
216,-833.3813,695.2139,100.0374,0,0,0.0,3,1,0,0x6BF561D1,0,0.0,0,-833.92114,693.8761,99.62833,Not in Vehicle,0.0
214,-1203.072,774.943,100.7591,0,0,0.0,5,1,0,0x12FA11A9,0,0.0,0,-1201.838,777.1745,100.05321,Not in Vehicle,0.0
388,-1384.4713,-516.8215,100.552,0,0,0.0,3,1,0,0x6BF561D1,0,0.0,4,-1386.9065,-515.2084,100.046974,Not in Vehicle,0.0
766,628.8068,895.98676,123.840744,0,0,0.0,3,1,0,0x6BF561D1,0,0.0,0,628.58484,896.5762,122.61142,Not in Vehicle,0.0
765,629.4484,896.0444,123.01578,0,0,0.0,3,1,0,0x6BF561D1,0,0.0,0,629.06946,895.3178,122.61106,Not in Vehicle,0.0
167,-1175.4963,434.70746,98.42349,0,0,0.0,3,1,0,0x6BF561D1,0,0.0,5,-1172.6432,436.2395,97.99504,Not in Vehicle,0.0
934,605.269,1001.0347,58.340355,0,0,0.0,3,1,1045603,0x4A22FC60,0,0.0,1,598.70355,988.542,64.33528,Not in Vehicle,0.0
271,-1638.493,402.13358,101.929306,0,0,0.0,3,1,0,0x6BF561D1,0,0.0,16,-1636.0505,399.33246,101.492645,Not in Vehicle,0.0
379,559.8829,976.42377,60.184494,0,0,0.0,3,1,1045603,0x4A22FC60,0,0.0,16,567.2603,991.2582,64.76783,Not in Vehicle,0.0
112,-1154.498,709.7955,100.542496,0,0,0.0,5,1,0,0x12FA11A9,0,0.0,0,-1154.8994,708.9989,100.50563,Not in Vehicle,0.0
453,-1097.9911,-346.2769,106.53519,0,0,0.0,3,1,0,0x6BF561D1,0,0.0,0,-1098.3804,-344.97626,105.92615,Not in Vehicle,0.0
468,1049.5184,1096.4075,100.53698,0,0,0.0,3,1,0,0x6BF561D1,1,0.0,0,1048.2712,1098.4047,100.05185,Not in Vehicle,0.0
218,-1136.1355,805.75397,101.027824,0,0,0.0,3,1,0,0x6BF561D1,0,0.0,4,-1136.0159,809.12317,100.539825,Not in Vehicle,0.0
654,564.3134,1001.91986,65.05762,0,0,0.0,3,1,1045603,0x4A22FC60,0,0.0,2,578.6368,976.47266,66.93049,Not in Vehicle,0.0
106,-1996.6427,-825.0943,105.01862,0,0,0.0,4,1,0,0xAAD6A3AD,0,0.0,0,-1996.0332,-826.0356,104.46587,Not in Vehicle,0.0
677,835.19006,1100.3652,99.23359,0,0,0.0,3,1,0,0x6BF561D1,1,0.0,0,836.4334,1100.4321,98.80953,Not in Vehicle,0.0
550,575.21625,976.8146,61.850353,0,0,0.0,3,1,1045603,0x4A22FC60,0,0.0,1,580.0956,975.0431,65.29922,Not in Vehicle,0.0
637,-1044.8832,533.5106,99.36373,0,0,0.0,3,1,0,0x6BF561D1,0,0.0,0,-1045.4326,534.12665,99.04179,Not in Vehicle,0.0
340,411.3369,-580.1533,108.83703,0,0,0.0,5,1,0,0x12FA11A9,0,0.0,0,412.0154,-580.7477,108.1544,Not in Vehicle,0.0
722,295.33914,174.2668,104.48696,0,0,0.0,5,1,0,0x12FA11A9,0,0.0,5,295.89963,170.35258,103.99563,Not in Vehicle,0.0
634,617.5681,-1782.3475,110.47814,0,0,0.0,4,1,0,0xAAD6A3AD,1,0.0,0,618.1329,-1781.8182,109.96538,Not in Vehicle,0.0
124,340.31424,281.51862,104.52302,0,0,0.0,3,1,0,0x6BF561D1,0,0.0,0,338.75873,282.0727,103.98701,Not in Vehicle,0.0
350,289.71402,-491.89487,107.052315,0,0,0.0,5,1,0,0x12FA11A9,0,0.0,4,292.01892,-492.81976,106.99398,Not in Vehicle,0.0
72,850.4885,-932.63965,253.85498,0,0,0.0,3,1,0,0xB2B12B51,0,0.0,1,843.2051,-931.34644,252.05647,Not in Vehicle,0.0
780,-269.2529,192.40994,121.91985,0,0,0.0,3,1,0,0xFC6A70F8,0,0.0,16,-271.35178,191.74716,121.50388,Not in Vehicle,0.0
506,-2232.6953,-1329.6691,104.709526,0,0,0.0,3,1,0,0x6BF561D1,0,0.0,16,-2231.154,-1332.4998,104.30029,Not in Vehicle,0.0
268,-286.20425,165.10066,123.740746,0,0,0.0,3,1,525023,0x6BF561D1,0,0.0,2,-272.4999,173.21631,125.82198,Not in Vehicle,0.0
241,401.3389,233.38835,104.199875,0,0,0.0,3,1,0,0xFC6A70F8,0,0.0,0,401.11377,232.38258,104.056404,Not in Vehicle,0.0
837,606.3796,1005.89496,66.533745,0,0,0.0,3,1,1045603,0x4A22FC60,0,0.0,1,605.7493,994.1692,66.35877,Not in Vehicle,0.0
740,-251.1609,717.2849,102.35862,0,0,0.0,3,1,0,0x6BF561D1,0,0.0,16,-250.57115,717.60425,101.85121,Not in Vehicle,0.0
897,580.6307,987.34875,54.50356,0,0,0.0,3,1,0,0x4A22FC60,0,0.0,0,579.6829,987.0248,54.011482,Not in Vehicle,0.0
457,-511.0553,-574.9948,108.60041,0,0,0.0,3,1,0,0x6BF561D1,0,0.0,0,-512.9338,-573.861,108.15114,Not in Vehicle,0.0
249,839.97534,1864.1575,104.58103,0,0,0.0,3,1,0,0x6BF561D1,1,0.0,17,839.986,1866.0985,104.21203,Not in Vehicle,0.0
174,394.8424,209.59882,104.404655,0,0,0.0,3,1,0,0x6BF561D1,0,0.0,1,395.8692,211.8132,103.96798,Not in Vehicle,0.0
354,228.66716,-685.0695,110.45101,0,0,0.0,5,1,0,0x12FA11A9,0,0.0,4,226.70473,-683.3137,110.02269,Not in Vehicle,0.0
307,520.2854,1729.136,110.55563,0,0,0.0,3,1,0,0x6BF561D1,0,0.0,1,540.91077,1722.3552,107.35734,Not in Vehicle,0.0
607,-1636.6018,454.5986,49.867886,0,0,0.0,5,1,659643,0x4A6FEA01,0,0.0,1,-1629.9977,454.15836,49.583008,Not in Vehicle,0.0
13,82.53243,1471.0039,109.756775,0,0,0.0,5,1,0,0x12FA11A9,0,0.0,4,85.15569,1472.4553,109.06843,Not in Vehicle,0.0
400,-1410.7599,-488.8075,96.51518,0,0,0.0,5,1,0,0x6BF561D1,0,0.0,4,-1409.6592,-490.63483,96.205986,Not in Vehicle,0.0
152,654.16455,-1755.377,116.5954,0,0,0.0,4,1,0,0xAAD6A3AD,1,0.0,0,653.05066,-1755.6337,115.83985,Not in Vehicle,0.0
251,1045.9519,-1417.6313,117.2429,1,0,0.0,3,1,0,0x6BF561D1,0,0.0,16,1044.2284,-1416.9188,115.641884,Not in Vehicle,0.0
194,589.7634,975.4539,66.03106,0,0,0.0,3,1,1045603,0x4A22FC60,1,0.0,1,577.1794,975.4906,66.65532,Not in Vehicle,0.0
551,561.94507,1019.0777,63.26071,0,0,0.0,3,1,1045603,0x4A22FC60,0,0.0,1,560.5339,1009.536,65.65879,Not in Vehicle,0.0
312,358.56854,393.10257,105.94327,0,0,0.0,3,1,0,0x6BF561D1,0,0.0,4,359.66724,396.752,105.45558,Not in Vehicle,0.0
211,-1012.70087,731.91705,100.54031,0,0,0.0,3,1,0,0x6BF561D1,0,0.0,5,-1014.42664,734.1453,100.03017,Not in Vehicle,0.0
193,557.22974,999.80145,63.89329,0,0,0.0,3,1,1045603,0x4A22FC60,1,0.0,1,577.4303,969.94495,66.691086,Not in Vehicle,0.0
349,448.19904,-634.61865,108.94664,0,0,0.0,5,1,0,0x12FA11A9,0,0.0,0,448.77777,-635.3871,107.98969,Not in Vehicle,0.0
533,619.5466,1000.95184,67.80491,0,0,0.0,3,1,1045603,0x4A22FC60,0,0.0,1,579.674,1009.8972,67.933044,Not in Vehicle,0.0
679,268.64005,196.89648,104.472206,0,0,0.0,5,1,0,0x12FA11A9,0,0.0,0,269.66257,197.73636,103.991776,Not in Vehicle,0.0
827,-5.662517,-25.272528,98.700226,0,0,0.0,3,1,0,0x6BF561D1,0,0.0,4,-7.046573,-22.324392,97.62044,Not in Vehicle,0.0
242,456.3796,181.00958,105.38482,0,0,0.0,3,1,0,0x6BF561D1,0,0.0,1,456.02597,180.2808,104.94867,Not in Vehicle,0.0
330,568.4349,1006.80707,60.985275,0,0,0.0,3,1,1045603,0x4A22FC60,0,0.0,1,585.1828,997.77655,60.55914,Not in Vehicle,0.0
540,583.55304,954.1478,59.764896,0,0,0.0,3,1,1045603,0x4A22FC60,0,0.0,1,589.0834,945.10834,58.535404,Not in Vehicle,0.0
446,129.71017,11.381662,100.313934,0,0,0.0,5,1,0,0xDA7E7AFE,0,0.0,0,130.82349,14.166519,99.82673,Not in Vehicle,0.0
839,569.3621,986.1549,69.12927,0,0,0.0,3,1,1045603,0x4A22FC60,0,0.0,1,574.7388,984.34436,66.94746,Not in Vehicle,0.0
221,-1512.2201,552.5087,100.84884,0,0,0.0,5,1,0,0x12FA11A9,0,0.0,0,-1512.7507,551.4483,99.99396,Not in Vehicle,0.0
150,-712.2566,710.0117,82.766266,0,0,0.0,3,1,0,0x6BF561D1,1,0.0,0,-711.9701,711.9808,82.34015,Not in Vehicle,0.0
951,-1618.5883,408.69833,101.89252,0,0,0.0,3,1,0,0x6BF561D1,0,0.0,0,-1618.8765,407.78717,101.49998,Not in Vehicle,0.0
671,441.71042,187.88892,105.2301,0,0,0.0,3,1,0,0x6BF561D1,0,0.0,4,440.30908,188.30833,104.995094,Not in Vehicle,0.0
304,525.5195,1706.0928,102.785034,0,0,0.0,3,1,0,0x6BF561D1,0,0.0,3,528.8995,1717.5836,100.38004,Not in Vehicle,0.0
380,583.2455,993.5294,60.940464,0,0,0.0,3,1,1045603,0x4A22FC60,0,0.0,16,602.65314,1002.65735,60.92367,Not in Vehicle,0.0
917,602.85645,995.0583,56.37898,0,0,0.0,3,1,1045603,0x4A22FC60,0,0.0,1,597.1718,982.6702,60.95623,Not in Vehicle,0.0
756,-689.51245,704.4363,89.25824,0,0,0.0,3,1,0,0x6BF561D1,1,0.0,0,-688.91693,704.3469,88.74334,Not in Vehicle,0.0
183,576.0918,977.6512,61.63413,0,0,0.0,3,1,1045603,0x4A22FC60,1,0.0,1,563.51276,1002.6699,64.83908,Not in Vehicle,0.0
522,-1163.597,96.91898,112.89272,0,0,0.0,3,1,0,0x6BF561D1,0,0.0,0,-1162.8965,96.17119,112.44658,Not in Vehicle,0.0
308,-2223.5486,-1326.3826,104.70259,0,0,0.0,3,1,0,0x6BF561D1,0,0.0,1,-2224.024,-1326.879,104.205605,Not in Vehicle,0.0
59,813.96796,-929.3931,249.73097,0,0,0.0,3,1,0,0x4A22FC60,0,0.0,1,825.7973,-936.20154,252.05615,Not in Vehicle,0.0
469,-1279.4583,-944.6003,108.52611,0,0,0.0,3,1,0,0x6BF561D1,0,0.0,0,-1279.2021,-942.6834,108.113976,Not in Vehicle,0.0
292,-102.88305,1067.202,101.224174,0,0,0.0,5,1,0,0x12FA11A9,0,0.0,0,-103.04379,1066.4244,99.99573,Not in Vehicle,0.0
939,576.27576,994.73846,65.176506,0,0,0.0,3,1,1045603,0x4A22FC60,0,0.0,1,576.916,968.11273,67.28202,Not in Vehicle,0.0
922,570.01886,1003.8794,66.794945,0,0,0.0,3,1,1045603,0x4A22FC60,0,0.0,1,563.3365,999.4134,66.35715,Not in Vehicle,0.0
498,886.7604,1621.3016,87.70525,0,0,0.0,3,1,0,0x6BF561D1,0,0.0,0,885.78925,1621.5133,87.21751,Not in Vehicle,0.0
817,1056.5024,-710.1665,111.62548,0,0,0.0,5,1,0,0xC267B78A,1,0.0,0,1057.1665,-712.5164,111.14605,Not in Vehicle,0.0
691,332.0128,193.1179,104.066025,0,0,0.0,5,1,0,0x12FA11A9,0,0.0,5,335.95847,193.48834,103.996704,Not in Vehicle,0.0
769,606.4858,914.9343,126.41518,0,0,0.0,3,1,0,0x6BF561D1,0,0.0,0,607.8155,913.29047,124.273445,Not in Vehicle,0.0
239,192.62668,-1273.716,110.17952,0,0,0.0,5,1,0,0x12FA11A9,1,0.0,5,195.76015,-1276.2882,108.31537,Not in Vehicle,0.0
802,-207.54187,1018.67395,105.04277,0,0,0.0,3,1,0,0x6BF561D1,0,0.0,9,-201.90868,993.3802,99.86602,Agile_Civ_Prestige_01,0.0
591,644.33124,-559.9095,132.97339,0,0,0.0,3,1,0,0x6BF561D1,0,0.0,0,643.9475,-558.89526,132.52553,Not in Vehicle,0.0
929,580.45044,983.39825,64.8663,0,0,0.0,3,1,1045603,0x4A22FC60,0,0.0,1,580.0675,976.5494,62.84117,Not in Vehicle,0.0
441,124.96,12.895328,100.171394,0,0,0.0,5,1,0,0xDA7E7AFE,0,0.0,0,123.418625,13.943232,99.78617,Not in Vehicle,0.0
323,-828.79395,955.21045,102.23667,0,0,0.0,4,1,0,0xAAD6A3AD,0,0.0,4,-829.3442,952.1111,100.952805,Not in Vehicle,0.0
48,848.28827,-940.71106,255.07153,0,0,0.0,3,1,0,0x4A22FC60,0,0.0,3,842.09106,-932.91797,252.05594,Not in Vehicle,0.0
158,399.82327,236.4732,104.83361,0,0,0.0,5,1,0,0xDA7E7AFE,0,0.0,0,398.3447,238.48747,104.15967,Not in Vehicle,0.0
809,1209.228,126.52457,105.149216,0,0,0.0,3,1,0,0x6BF561D1,0,0.0,4,1211.981,129.63588,104.5171,Not in Vehicle,0.0
205,711.36597,-1697.1752,109.16978,0,0,0.0,5,1,0,0x12FA11A9,0,0.0,0,711.3294,-1698.7902,108.448006,Not in Vehicle,0.0
946,-1539.6978,-216.72623,157.13063,0,0,0.0,3,1,0,0x6BF561D1,0,0.0,4,-1540.4219,-219.65218,156.67226,Not in Vehicle,0.0
559,606.27435,1008.2223,66.21083,0,0,0.0,3,1,1045603,0x4A22FC60,0,0.0,1,614.15295,978.7524,66.82421,Not in Vehicle,0.0
154,553.2021,-171.40434,99.95955,0,0,0.0,3,1,0,0x6BF561D1,0,0.0,16,553.8673,-172.577,99.47776,Not in Vehicle,0.0
818,-753.99225,724.4315,100.21191,0,0,0.0,3,1,0,0xFC6A70F8,0,0.0,1,-753.63275,726.26013,99.87377,Not in Vehicle,0.0
980,-205.55624,1045.2194,100.431076,0,0,0.0,3,1,0,0x6BF561D1,0,0.0,0,-204.60678,1045.5999,100.026024,Not in Vehicle,0.0
78,829.2874,-928.2084,253.88174,0,0,0.0,3,1,0,0xB2B12B51,0,0.0,1,831.2421,-934.01965,252.05556,Not in Vehicle,0.0
684,-696.5222,1529.8041,108.226234,0,0,0.0,3,1,0,0x6BF561D1,1,0.0,0,-699.3061,1529.4832,107.791534,Not in Vehicle,0.0
592,-524.6963,-1753.596,113.182144,0,0,0.0,5,1,0,0x12FA11A9,0,0.0,4,-505.3037,-1733.3164,107.04727,Not in Vehicle,0.0
455,-1167.6483,118.655205,107.980606,0,0,0.0,3,1,0,0x6BF561D1,0,0.0,0,-1167.5674,117.01769,107.52102,Not in Vehicle,0.0
578,1102.796,-1336.5835,122.47043,0,0,0.0,3,1,525023,0x6BF561D1,0,0.0,1,1108.0353,-1332.9081,134.62695,Not in Vehicle,0.0
979,-246.60793,961.1987,117.498795,0,0,0.0,3,1,0,0x6BF561D1,0,0.0,0,-246.98557,962.49133,117.01437,Not in Vehicle,0.0
41,850.7598,-946.37695,254.79578,0,0,0.0,3,1,1045603,0xB2B12B51,0,0.0,2,855.3823,-935.1526,262.75415,Not in Vehicle,0.0
474,614.27576,1000.3343,62.921646,0,0,0.0,3,1,1045603,0x4A22FC60,0,0.0,1,609.6915,985.9607,63.55696,Not in Vehicle,0.0
377,-549.33765,-1612.0956,106.60757,1,0,0.0,4,1,0,0xAAD6A3AD,0,0.0,0,-548.43427,-1612.4854,106.14546,Not in Vehicle,0.0
315,-1126.437,510.78857,98.47119,0,0,0.0,3,1,0,0x6BF561D1,0,0.0,0,-1126.2777,509.9311,97.99497,Not in Vehicle,0.0
556,563.06366,993.6049,63.531,0,0,0.0,3,1,1045603,0x4A22FC60,0,0.0,1,606.3485,983.32025,66.88855,Not in Vehicle,0.0
949,-1570.1915,522.7992,44.02999,0,0,0.0,5,1,659643,0x4A6FEA01,0,0.0,1,-1572.2915,522.78296,43.48089,Not in Vehicle,0.0
973,-1144.9509,555.85364,109.13102,0,0,0.0,3,1,0,0x6BF561D1,0,0.0,5,-1142.6904,557.92114,106.98473,Not in Vehicle,0.0
81,828.5196,-949.46515,255.3833,0,0,0.0,3,1,0,0x4A22FC60,0,0.0,3,836.7361,-948.2926,252.05556,Not in Vehicle,0.0
537,596.3024,1005.1266,66.015114,0,0,0.0,3,1,1045603,0x4A22FC60,0,0.0,1,567.8124,1016.2964,59.99863,Not in Vehicle,0.0
675,389.53458,205.73624,104.64513,0,0,0.0,5,1,0,0x12FA11A9,0,0.0,0,389.49527,206.73166,103.99474,Not in Vehicle,0.0
438,-1387.3799,187.17603,103.36656,0,0,0.0,5,1,0,0x12FA11A9,0,0.0,0,-1386.8696,185.74818,103.03063,Not in Vehicle,0.0
386,146.16528,229.98148,99.668144,0,0,0.0,3,1,0,0x6BF561D1,0,0.0,0,145.38159,230.65292,98.89734,Not in Vehicle,0.0
757,-680.88727,699.7621,93.169975,0,0,0.0,3,1,0,0x6BF561D1,1,0.0,0,-680.43353,700.09705,91.03512,Not in Vehicle,0.0
865,555.921,-170.82263,99.98032,0,0,0.0,3,1,0,0x6BF561D1,1,0.0,5,558.13,-172.05452,99.68383,Not in Vehicle,0.0
333,1064.594,-1430.0408,111.65595,0,0,0.0,3,1,0,0x6BF561D1,0,0.0,16,1065.178,-1427.801,111.241646,Not in Vehicle,0.0
959,-2052.5098,-1520.2771,102.252,0,0,0.0,5,1,0,0x12FA11A9,0,0.0,5,-2050.848,-1516.9252,101.86284,Not in Vehicle,0.0
277,553.2311,981.90265,54.44546,0,0,0.0,3,1,1045603,0xE1313617,0,0.0,1,566.651,1003.6043,59.391697,Not in Vehicle,0.0
611,-103.74823,1030.4695,100.40176,0,0,0.0,5,1,0,0xC267B78A,1,0.0,0,-104.41754,1034.9058,99.996,Not in Vehicle,0.0
279,588.71704,1018.57666,57.809647,0,0,0.0,3,1,1045603,0xE1313617,0,0.0,1,604.30505,1010.8654,56.73707,Not in Vehicle,0.0
114,-1161.3671,96.93473,113.022995,0,0,0.0,3,1,0,0x6BF561D1,0,0.0,4,-1164.4454,94.79286,112.45465,Not in Vehicle,0.0
527,565.5873,996.21747,55.421528,0,0,0.0,3,1,1045603,0x4A22FC60,0,0.0,1,572.0848,992.7134,66.85892,Not in Vehicle,0.0
567,837.29675,-519.36835,108.977196,0,0,0.0,3,1,0,0x6BF561D1,0,0.0,5,831.1409,-520.03156,108.31891,Not in Vehicle,0.0
228,-700.70233,1030.955,101.974686,0,0,0.0,5,1,0,0x12FA11A9,0,0.0,0,-699.68494,1030.8909,101.18463,Not in Vehicle,0.0
461,481.38525,-215.07089,96.79255,0,0,0.0,3,1,0,0x6BF561D1,0,0.0,0,482.237,-214.38136,96.169624,Not in Vehicle,0.0
961,536.0883,379.64255,105.64303,0,0,0.0,5,1,0,0xDA7E7AFE,0,0.0,0,538.6484,381.33325,105.132126,Not in Vehicle,0.0
705,424.87817,288.86832,104.931335,0,0,0.0,5,1,0,0x12FA11A9,0,0.0,0,425.10855,290.23993,104.161995,Not in Vehicle,0.0
122,385.62527,276.68845,105.18236,0,0,0.0,3,1,0,0xA7BB43AA,0,0.0,0,384.36243,277.12286,104.09999,Not in Vehicle,0.0
148,-722.90326,686.53485,100.43705,0,0,0.0,3,1,0,0x6BF561D1,1,0.0,16,-724.5685,688.56384,99.636475,Not in Vehicle,0.0
944,561.4392,1011.2834,66.78377,0,0,0.0,3,1,1045603,0x4A22FC60,0,0.0,1,575.5929,976.4882,67.28306,Not in Vehicle,0.0
227,-708.8213,1064.8201,102.26434,0,0,0.0,5,1,0,0x12FA11A9,0,0.0,0,-707.0532,1065.9904,101.650505,Not in Vehicle,0.0
336,156.54338,-1242.61,100.48211,0,0,0.0,4,1,0,0xAAD6A3AD,0,0.0,0,154.96349,-1243.6688,100.034294,Not in Vehicle,0.0
88,-1105.9377,537.7939,122.23019,0,0,0.0,3,1,0,0x6BF561D1,0,0.0,16,-1107.8755,538.7395,121.810036,Not in Vehicle,0.0
401,-1433.3776,-505.00497,100.00495,0,0,0.0,3,1,0,0x6BF561D1,0,0.0,0,-1432.4856,-503.83884,99.98392,Not in Vehicle,0.0
157,397.51376,252.18239,104.63841,0,0,0.0,5,1,0,0xDA7E7AFE,0,0.0,0,396.90567,254.76823,104.03318,Not in Vehicle,0.0
34,850.7548,-947.23206,215.00264,0,0,0.0,3,1,1045603,0xB2B12B51,0,0.0,2,849.3519,-955.3313,228.31999,Not in Vehicle,0.0
926,577.77246,974.8803,67.37407,0,0,0.0,3,1,1045603,0x4A22FC60,0,0.0,1,566.9875,973.14984,66.35017,Not in Vehicle,0.0
365,-597.8406,-538.6886,96.5479,0,0,0.0,3,1,0,0x6BF561D1,0,0.0,16,-600.5778,-540.4689,96.170456,Not in Vehicle,0.0
7,274.07968,198.46259,104.41817,0,0,0.0,3,1,0,0x6BF561D1,0,0.0,0,274.85944,197.46982,103.988846,Not in Vehicle,0.0
317,-1101.7247,533.4524,122.23882,0,0,0.0,3,1,0,0x6BF561D1,0,0.0,4,-1101.4158,535.661,121.81503,Not in Vehicle,0.0
295,-104.70083,1093.7872,101.256035,0,0,0.0,5,1,0,0x12FA11A9,0,0.0,0,-105.23866,1092.9417,99.99489,Not in Vehicle,0.0
869,-565.1327,75.21582,107.19318,0,0,0.0,5,1,0,0x12FA11A9,0,0.0,1,-567.0466,82.58072,102.02441,Not in Vehicle,0.0
454,-710.37604,714.2874,82.61126,0,0,0.0,3,1,0,0x6BF561D1,0,0.0,0,-710.9372,713.81024,82.20632,Not in Vehicle,0.0
376,-687.0403,687.0896,103.784454,0,0,0.0,3,1,0,0x6BF561D1,0,0.0,4,-686.4305,687.9154,100.97562,Not in Vehicle,0.0
874,-2255.7427,-1324.8319,104.83549,0,0,0.0,3,1,0,0x6BF561D1,0,0.0,0,-2254.87,-1324.893,104.26108,Not in Vehicle,0.0
341,404.61932,-525.098,108.32709,0,0,0.0,5,1,0,0x12FA11A9,0,0.0,5,404.6503,-528.6407,108.14948,Not in Vehicle,0.0
888,-1690.2695,-1034.4012,108.75397,0,0,0.0,3,1,0,0x4FE9FE79,0,0.0,1,-1665.6414,-1212.9545,111.71232,Not in Vehicle,0.0
367,778.3804,516.664,105.45548,0,0,0.0,5,1,0,0xDA7E7AFE,1,0.0,0,777.0776,517.11487,104.42905,Not in Vehicle,0.0
737,-1120.5055,553.90076,99.40215,0,0,0.0,3,1,0,0x6BF561D1,0,0.0,4,-1118.4172,553.49896,98.9944,Not in Vehicle,0.0
714,-880.05,1337.7478,106.68241,0,0,0.0,5,1,0,0x12FA11A9,1,0.0,0,-879.18665,1337.4155,105.88464,Not in Vehicle,0.0
496,586.8607,371.44885,112.56427,0,0,0.0,3,1,0,0x6BF561D1,0,0.0,16,587.6284,369.81256,110.27504,Not in Vehicle,0.0
561,599.0937,968.48303,54.412014,0,0,0.0,5,1,0,0x4A22FC60,0,0.0,1,599.1925,967.17505,53.995167,Not in Vehicle,0.0
237,-1482.6212,599.2348,101.21158,0,0,0.0,5,1,0,0x12FA11A9,0,0.0,0,-1483.602,599.51227,99.96782,Not in Vehicle,0.0
447,114.64962,4.468858,100.11898,0,0,0.0,5,1,0,0x12FA11A9,0,0.0,0,114.31877,3.687194,99.36755,Not in Vehicle,0.0
805,510.8848,-182.0443,90.90161,0,0,0.0,3,1,0,0xB2B12B51,0,0.0,0,511.67706,-181.70383,90.49541,Not in Vehicle,0.0
325,894.5697,1620.922,87.62092,0,0,0.0,3,1,0,0x6BF561D1,1,0.0,0,895.6704,1620.591,87.21751,Not in Vehicle,0.0
436,-1613.2443,272.35303,100.516716,0,0,0.0,3,1,0,0x6BF561D1,0,0.0,4,-1614.6372,274.41852,100.0039,Not in Vehicle,0.0
868,-838.33417,1173.6082,106.7817,0,0,0.0,3,1,0,0x6BF561D1,1,0.0,0,-836.8356,1175.6996,104.31352,Not in Vehicle,0.0
936,600.1247,985.9325,63.321022,0,0,0.0,3,1,1045603,0x4A22FC60,0,0.0,1,599.54016,969.99725,66.56172,Not in Vehicle,0.0
480,-355.9969,-1505.2363,113.62828,0,0,0.0,3,1,525023,0x6BF561D1,0,0.0,1,-364.94586,-1498.4086,114.76768,Not in Vehicle,0.0
530,594.0433,1005.1299,65.002975,0,0,0.0,3,1,1045603,0x4A22FC60,0,0.0,1,608.2954,998.8401,62.05288,Not in Vehicle,0.0
243,-1081.1667,550.34265,107.41807,0,0,0.0,3,1,0,0x6BF561D1,1,0.0,0,-1079.7991,550.47314,106.99821,Not in Vehicle,0.0
64,839.0136,-931.7837,254.08092,0,0,0.0,3,1,0,0x4A22FC60,0,0.0,1,842.7319,-937.5781,252.06345,Not in Vehicle,0.0
605,871.3691,169.49728,102.28134,0,0,0.0,3,1,0,0x6BF561D1,0,0.0,16,870.2461,170.71399,102.07879,Not in Vehicle,0.0
992,553.3722,982.20544,54.300526,0,0,0.0,3,1,1045603,0xE1313617,0,0.0,16,566.3613,1007.87787,65.86352,Not in Vehicle,0.0
432,116.68972,-11.043065,99.414276,0,0,0.0,5,1,0,0xDA7E7AFE,0,0.0,0,117.29452,-9.853171,98.93165,Not in Vehicle,0.0
302,-100.36052,1088.0846,101.068726,0,0,0.0,5,1,0,0x12FA11A9,0,0.0,0,-99.707275,1088.6001,99.99504,Not in Vehicle,0.0
300,-102.34553,1081.6493,100.359,0,0,0.0,5,1,0,0xC267B78A,0,0.0,0,-100.239456,1081.6366,99.99554,Not in Vehicle,0.0
840,579.5227,988.90936,69.84369,0,0,0.0,3,1,1045603,0x4A22FC60,0,0.0,1,587.3427,980.42145,66.6243,Not in Vehicle,0.0
348,-1430.5945,472.95087,100.27926,0,0,0.0,5,1,0,0x12FA11A9,0,0.0,4,-1430.9083,474.32166,100.13697,Not in Vehicle,0.0
291,-110.52164,1095.4779,100.99268,0,0,0.0,5,1,0,0x12FA11A9,0,0.0,0,-109.48065,1096.3871,99.994865,Not in Vehicle,0.0
331,574.06036,987.19586,62.28268,0,0,0.0,3,1,1045603,0x4A22FC60,0,0.0,1,584.6388,986.66174,60.582527,Not in Vehicle,0.0
581,1098.1023,-1337.6575,122.592865,0,0,0.0,5,1,525023,0x5E307390,0,0.0,1,1102.031,-1329.8131,134.5685,Not in Vehicle,0.0
549,557.7942,1017.4353,63.22113,0,0,0.0,3,1,1045603,0x4A22FC60,0,0.0,1,561.15906,998.273,67.03161,Not in Vehicle,0.0
102,-108.974144,-797.72797,110.54767,0,0,0.0,4,1,0,0xAAD6A3AD,0,0.0,0,-108.4476,-799.24524,110.14504,Not in Vehicle,0.0
582,488.9441,1721.5815,100.061745,0,0,0.0,3,1,0,0x6BF561D1,0,0.0,0,490.37567,1720.3076,99.57634,Not in Vehicle,0.0
916,564.1712,980.9302,63.493145,0,0,0.0,3,1,1045603,0x4A22FC60,0,0.0,1,559.9165,975.67926,61.87221,Not in Vehicle,0.0
855,-1622.2148,399.5691,101.94021,0,0,0.0,3,1,0,0x6BF561D1,0,0.0,4,-1622.0602,402.727,101.49494,Not in Vehicle,0.0
859,38.701794,-263.7927,104.50423,0,0,0.0,5,1,0,0x12FA11A9,1,0.0,3,38.71982,-276.1617,99.00328,Not in Vehicle,0.0
588,-2237.3386,-1344.1299,100.2926,0,0,0.0,3,1,0,0x6BF561D1,0,0.0,0,-2235.9333,-1344.0159,98.30317,Not in Vehicle,0.0
811,431.0774,-1375.7997,114.31641,0,0,0.0,5,1,0,0xDFFE7978,0,0.0,0,430.4385,-1376.3652,113.971596,Not in Vehicle,0.0
409,314.92572,190.78633,104.33773,0,0,0.0,5,1,0,0x12FA11A9,0,0.0,5,311.89606,193.61246,103.99764,Not in Vehicle,0.0
984,584.898,997.50507,64.00228,0,0,0.0,3,1,1045603,0x4A22FC60,0,0.0,1,569.81024,1005.35016,66.72447,Not in Vehicle,0.0
192,577.2816,974.1189,68.411934,0,0,0.0,3,1,1045603,0x4A22FC60,1,0.0,1,575.1791,960.6444,65.76847,Not in Vehicle,0.0
645,571.3492,1010.8348,67.161606,0,0,0.0,3,1,1045603,0x4A22FC60,0,0.0,2,572.76215,1015.8075,66.924706,Not in Vehicle,0.0
127,391.14163,277.25748,104.73809,0,0,0.0,3,1,0,0xB2B12B51,0,0.0,0,390.2611,277.2737,104.247475,Not in Vehicle,0.0
797,-1622.0082,400.30667,102.22199,0,0,0.0,3,1,0,0x6BF561D1,0,0.0,0,-1621.5145,399.5932,101.49998,Not in Vehicle,0.0
914,553.23285,981.8223,54.519955,0,0,0.0,3,1,1045603,0xE1313617,0,0.0,1,583.4701,993.5877,67.06302,Not in Vehicle,0.0
375,-682.27484,683.9408,100.2578,0,0,0.0,3,1,0,0x6BF561D1,0,0.0,0,-682.6996,683.5108,99.86805,Not in Vehicle,0.0
667,625.70953,-1765.3966,110.51981,0,0,0.0,4,1,0,0xAAD6A3AD,0,0.0,4,623.0764,-1766.2568,109.80642,Not in Vehicle,0.0
785,602.2955,979.3914,60.838543,0,0,0.0,3,1,1045603,0x4A22FC60,0,0.0,1,616.23535,976.0875,56.94348,Not in Vehicle,0.0
322,-1093.2313,538.1917,123.34794,0,0,0.0,3,1,0,0x6BF561D1,0,0.0,4,-1097.1998,538.21204,121.81503,Not in Vehicle,0.0
947,-1640.185,405.1268,101.8872,0,0,0.0,3,1,0,0x6BF561D1,1,0.0,1,-1639.6782,404.3618,101.49991,Not in Vehicle,0.0
67,840.09875,-947.6317,254.05931,0,0,0.0,3,1,0,0x6BF561D1,0,0.0,1,844.9872,-939.4578,252.05608,Not in Vehicle,0.0
165,406.7472,234.30423,104.55561,0,0,0.0,5,1,0,0xDA7E7AFE,0,0.0,0,406.53146,236.47403,104.129616,Not in Vehicle,0.0
686,-858.86523,1317.6925,106.249565,0,0,0.0,5,1,0,0x12FA11A9,1,0.0,5,-861.65717,1318.1006,105.56789,Not in Vehicle,0.0
796,-1629.475,397.88858,101.893456,0,0,0.0,3,1,0,0x6BF561D1,0,0.0,1,-1628.7107,397.5596,101.500145,Not in Vehicle,0.0
55,833.18384,-929.30475,255.70828,0,0,0.0,3,1,0,0xB2B12B51,0,0.0,3,833.63684,-933.49426,252.06993,Not in Vehicle,0.0
352,-126.13248,855.3097,101.83574,0,0,0.0,5,1,0,0x12FA11A9,0,0.0,4,-124.40987,857.3565,100.99528,Not in Vehicle,0.0
394,317.15585,276.01276,104.386284,0,0,0.0,5,1,0,0x12FA11A9,0,0.0,0,315.90485,273.5997,103.995895,Not in Vehicle,0.0
299,-102.76536,1081.7621,100.55557,0,0,0.0,5,1,0,0xC267B78A,0,0.0,0,-101.80835,1081.2617,99.9954,Not in Vehicle,0.0
563,-1514.8309,-1359.3093,104.14603,0,0,0.0,4,1,0,0xAAD6A3AD,0,0.0,0,-1515.0948,-1362.2246,103.744545,Not in Vehicle,0.0
521,-1168.3196,107.208084,112.948685,0,0,0.0,3,1,0,0x6BF561D1,0,0.0,16,-1170.2739,109.57573,112.453224,Not in Vehicle,0.0
681,409.0646,270.8098,105.34393,0,0,0.0,5,1,0,0x12FA11A9,0,0.0,0,409.17297,269.86386,104.569275,Not in Vehicle,0.0
69,825.02515,-928.863,255.17307,0,0,0.0,3,1,0,0xB2B12B51,0,0.0,1,828.37256,-931.8902,252.05632,Not in Vehicle,0.0
983,576.9352,989.7418,64.264244,0,0,0.0,3,1,1045603,0x4A22FC60,0,0.0,1,577.4437,977.6857,66.723885,Not in Vehicle,0.0
442,-1426.415,404.9744,100.27562,0,0,0.0,5,1,0,0x12FA11A9,0,0.0,5,-1425.8838,402.5699,99.992775,Not in Vehicle,0.0
475,-819.2942,-1209.2738,111.021286,0,0,0.0,3,1,0,0x6BF561D1,0,0.0,5,-815.0967,-1211.7577,109.52604,Not in Vehicle,0.0
631,-1199.785,184.90828,100.99748,0,0,0.0,3,1,0,0xFC6A70F8,0,0.0,4,-1198.6708,182.62794,100.44638,Not in Vehicle,0.0
739,599.1185,357.4741,113.704346,0,0,0.0,3,1,0,0x6BF561D1,1,0.0,0,598.38544,357.9935,112.27825,Not in Vehicle,0.0
771,626.81604,894.3054,123.05179,0,0,0.0,3,1,0,0x6BF561D1,0,0.0,0,628.2984,892.6741,122.61106,Not in Vehicle,0.0
65,837.75653,-947.28937,254.12794,0,0,0.0,3,1,0,0xB2B12B51,0,0.0,1,832.4315,-948.2918,252.05585,Not in Vehicle,0.0
444,-1384.2006,157.24876,104.604034,0,0,0.0,3,1,0,0x6BF561D1,0,0.0,0,-1384.0691,156.1785,104.13515,Not in Vehicle,0.0
288,-115.90618,1096.1227,100.41992,0,0,0.0,3,1,0,0x6BF561D1,0,0.0,4,-114.26016,1096.418,99.99489,Not in Vehicle,0.0
715,390.07648,259.40607,104.611176,0,0,0.0,5,1,0,0x12FA11A9,0,0.0,5,389.25754,261.55383,103.88338,Not in Vehicle,0.0
560,619.1872,1005.9128,64.33275,0,0,0.0,3,1,1045603,0x4A22FC60,0,0.0,1,622.00433,981.9665,66.82345,Not in Vehicle,0.0
273,-1680.6221,456.27304,53.778446,0,0,0.0,5,1,659643,0x4A6FEA01,0,0.0,1,-1680.622,456.20175,55.22478,Not in Vehicle,0.0
920,613.0551,1003.39014,65.82902,0,0,0.0,3,1,1045603,0x4A22FC60,0,0.0,1,610.314,979.1671,66.35458,Not in Vehicle,0.0
431,-1348.9995,101.337074,104.504135,0,0,0.0,5,1,0,0x12FA11A9,0,0.0,0,-1348.6179,100.59372,103.9193,Not in Vehicle,0.0
927,596.73315,984.43176,57.536415,0,0,0.0,3,1,1045603,0x4A22FC60,0,0.0,1,600.1696,969.8669,67.402596,Not in Vehicle,0.0
958,710.6924,-730.6295,110.54761,0,0,0.0,5,1,0,0x12FA11A9,0,0.0,0,711.42523,-729.65076,109.99594,Not in Vehicle,0.0
36,844.30206,-951.2488,254.12256,0,0,0.0,3,1,1045603,0x4A22FC60,0,0.0,1,826.89825,-956.39264,257.53848,Not in Vehicle,0.0
553,588.46436,982.7607,61.244514,0,0,0.0,3,1,1045603,0x4A22FC60,0,0.0,1,568.3719,1006.55615,65.66641,Not in Vehicle,0.0
905,563.1405,992.0733,63.592888,0,0,0.0,3,1,1045603,0x4A22FC60,0,0.0,1,570.77997,975.92346,61.845776,Not in Vehicle,0.0
864,573.07983,-192.1695,100.45361,0,0,0.0,3,1,0,0x6BF561D1,1,0.0,0,572.47833,-190.82385,99.97125,Not in Vehicle,0.0
210,-911.73987,648.5389,100.66012,0,0,0.0,5,1,0,0x12FA11A9,0,0.0,5,-916.09717,648.68976,99.87357,Not in Vehicle,0.0
887,-1710.8049,-1139.831,106.84872,0,0,0.0,3,1,0,0x4FE9FE79,0,0.0,1,-1665.6414,-1212.9545,111.71232,Not in Vehicle,0.0
747,-1052.3027,-1471.4285,120.133316,0,0,0.0,3,1,525023,0x930829F9,1,0.0,1,-1061.1904,-1482.9404,123.91211,Not in Vehicle,0.0
38,829.3005,-944.4626,255.51846,0,0,0.0,3,1,1045603,0x4A22FC60,0,0.0,2,827.13763,-937.34265,257.53177,Not in Vehicle,0.0
5,304.2383,192.5534,105.37908,0,0,0.0,3,1,0,0x6BF561D1,0,0.0,0,303.75534,193.85542,104.0019,Not in Vehicle,0.0
535,562.8655,990.5247,61.198414,0,0,0.0,3,1,1045603,0x4A22FC60,0,0.0,1,564.5819,1014.6926,59.985504,Not in Vehicle,0.0
630,452.36557,232.42552,107.35498,0,0,0.0,3,1,0,0xFC6A70F8,0,0.0,0,452.8783,233.4144,104.9356,Not in Vehicle,0.0
633,671.0089,-516.86896,109.094086,0,0,0.0,5,1,0,0x12FA11A9,1,0.0,5,674.15845,-518.87836,108.20376,Not in Vehicle,0.0
159,290.72375,197.17665,104.405655,0,0,0.0,5,1,0,0xDA7E7AFE,0,0.0,0,289.88943,198.56102,103.997246,Not in Vehicle,0.0
761,-261.2694,422.11752,126.49216,0,0,0.0,3,1,0,0x6BF561D1,0,0.0,4,-264.54446,426.0387,125.0508,Not in Vehicle,0.0
507,637.93945,-1776.1686,110.40733,0,0,0.0,4,1,0,0xAAD6A3AD,0,0.0,1,639.04407,-1776.6927,109.99724,Not in Vehicle,0.0
488,-779.69586,1217.6046,104.80659,0,0,0.0,5,1,0,0xDA7E7AFE,0,0.0,0,-780.34094,1216.8473,103.95083,Not in Vehicle,0.0
673,382.79758,266.13083,104.087135,0,0,0.0,5,1,0,0x12FA11A9,0,0.0,5,379.86002,267.4816,103.8514,Not in Vehicle,0.0
50,837.43054,-933.0366,254.23604,0,0,0.0,3,1,0,0x4A22FC60,0,0.0,3,831.69635,-933.6887,252.05562,Not in Vehicle,0.0
526,616.04144,976.7182,60.03751,0,0,0.0,3,1,1045603,0x4A22FC60,0,0.0,1,611.9812,978.30927,62.049442,Not in Vehicle,0.0
665,-603.37427,-539.57367,100.64878,0,0,0.0,3,1,525023,0x6BF561D1,0,0.0,16,-628.2228,-548.0809,102.423134,Not in Vehicle,0.0
166,410.33212,269.1781,105.00718,0,0,0.0,3,1,0,0x6BF561D1,0,0.0,5,408.17682,264.90714,104.398834,Not in Vehicle,0.0
776,-819.3787,-1210.5149,109.94118,0,0,0.0,3,1,0,0x6BF561D1,0,0.0,16,-822.78625,-1210.2365,109.5197,Not in Vehicle,0.0
115,447.91754,227.30275,105.57717,0,0,0.0,3,1,0,0x6BF561D1,0,0.0,0,449.31006,228.44914,105.0946,Not in Vehicle,0.0
25,557.93256,-1766.5839,110.3305,0,0,0.0,5,1,0,0xC267B78A,0,0.0,0,559.3992,-1765.9073,109.834335,Not in Vehicle,0.0
853,-624.68604,-550.6554,96.69799,0,0,0.0,3,1,0,0x6BF561D1,0,0.0,16,-623.3442,-550.19574,96.13285,Not in Vehicle,0.0
220,-757.0951,888.5399,100.05837,0,0,0.0,5,1,0,0x12FA11A9,0,0.0,0,-756.97015,886.35986,99.94375,Not in Vehicle,0.0
19,67.76229,234.91632,104.91424,0,0,0.0,3,1,0,0x6BF561D1,0,0.0,5,69.191216,230.66336,104.495735,Not in Vehicle,0.0
248,632.0647,-1762.6125,115.280235,0,0,0.0,4,1,0,0xAAD6A3AD,1,0.0,4,631.8652,-1764.2661,114.823326,Not in Vehicle,0.0
872,706.7013,1433.0802,98.26636,0,0,0.0,3,1,0,0x6BF561D1,0,0.0,17,706.1306,1435.0741,96.955124,Not in Vehicle,0.0
779,691.9445,-1752.1013,110.21276,0,0,0.0,4,1,0,0xAAD6A3AD,0,0.0,0,689.566,-1748.6803,109.79852,Not in Vehicle,0.0
729,-778.5586,1346.3368,105.13658,0,0,0.0,5,1,0,0x12FA11A9,1,0.0,0,-777.7326,1347.0353,104.41923,Not in Vehicle,0.0
151,-688.3694,694.93634,100.410324,0,0,0.0,3,1,0,0x6BF561D1,1,0.0,0,-687.53357,694.09375,99.85799,Not in Vehicle,0.0
562,-375.3159,-978.9325,111.47821,0,0,0.0,5,1,0,0xC267B78A,0,0.0,0,-375.05954,-979.5961,109.76533,Not in Vehicle,0.0
482,267.4508,667.874,104.99874,0,0,0.0,3,1,0,0x6BF561D1,0,0.0,0,267.97516,666.7112,102.04744,Not in Vehicle,0.0
198,307.87222,268.19888,104.404686,0,0,0.0,5,1,0,0x12FA11A9,1,0.0,5,305.75613,263.35474,103.99504,Not in Vehicle,0.0
595,-709.24445,719.0502,89.146736,0,0,0.0,3,1,0,0x6BF561D1,0,0.0,4,-708.3082,720.3981,88.69995,Not in Vehicle,0.0
635,-274.74786,168.40009,117.051155,0,0,0.0,3,1,0,0x6BF561D1,0,0.0,0,-275.66724,169.69496,116.61716,Not in Vehicle,0.0
266,-709.3256,709.15173,84.39985,0,0,0.0,3,1,0,0x6BF561D1,0,0.0,0,-708.6489,708.49335,82.280945,Not in Vehicle,0.0
68,825.6866,-925.6004,253.08112,0,0,0.0,3,1,0,0x6BF561D1,0,0.0,1,834.12854,-928.9365,252.05663,Not in Vehicle,0.0
360,380.132,-661.2134,108.93746,0,0,0.0,5,1,0,0x12FA11A9,0,0.0,4,378.56223,-657.58777,108.46536,Not in Vehicle,0.0
744,-1155.7811,516.7515,99.50396,0,0,0.0,3,1,0,0x6BF561D1,1,0.0,4,-1154.79,515.817,98.28833,Not in Vehicle,0.0
925,590.74176,975.91034,62.627285,0,0,0.0,3,1,1045603,0x4A22FC60,0,0.0,1,599.6265,971.05994,67.111465,Not in Vehicle,0.0
502,-1069.93,546.9767,107.373535,0,0,0.0,3,1,0,0x6BF561D1,0,0.0,0,-1070.618,546.11536,106.99999,Not in Vehicle,0.0
606,-1639.0521,395.72183,101.94217,0,0,0.0,3,1,0,0x6BF561D1,0,0.0,0,-1640.1854,396.54242,101.48922,Not in Vehicle,0.0
792,611.12305,1004.2666,67.169205,0,0,0.0,3,1,1045603,0x4A22FC60,0,0.0,1,602.77454,1008.1096,70.90712,Not in Vehicle,0.0
602,653.02094,-1758.9388,117.388176,0,0,0.0,4,1,0,0xAAD6A3AD,0,0.0,4,651.2448,-1755.7759,115.83516,Not in Vehicle,0.0
398,-1399.3645,-488.52072,96.96005,0,0,0.0,3,1,0,0x6BF561D1,0,0.0,0,-1400.0704,-487.91486,96.5747,Not in Vehicle,0.0
324,-669.92126,688.3691,100.26779,0,0,0.0,3,1,0,0x6BF561D1,0,0.0,0,-669.95056,687.5217,99.86943,Not in Vehicle,0.0
224,-722.2184,877.5485,100.6663,0,0,0.0,5,1,0,0x12FA11A9,0,0.0,0,-721.6992,876.59186,100.17506,Not in Vehicle,0.0
803,839.64496,1859.1471,104.68264,0,0,0.0,3,1,0,0x6BF561D1,1,0.0,0,840.49274,1859.0929,104.2303,Not in Vehicle,0.0
405,-1401.5837,-506.47305,101.27111,0,0,0.0,3,1,0,0x6BF561D1,0,0.0,0,-1402.212,-507.0394,99.98648,Not in Vehicle,0.0
746,-1041.7894,-1471.807,107.91249,0,0,0.0,3,1,525023,0xFC203B28,1,0.0,1,-1054.2401,-1480.4536,123.921234,Not in Vehicle,0.0
40,839.45746,-957.5986,254.03014,0,0,0.0,3,1,1045603,0x4A22FC60,0,0.0,2,832.9002,-965.24115,265.39005,Not in Vehicle,0.0
62,846.43365,-931.4485,254.81645,0,0,0.0,3,1,0,0x4A22FC60,0,0.0,4,844.9569,-939.32996,252.05612,Not in Vehicle,0.0
87,608.2164,386.62958,114.34101,0,0,0.0,3,1,0,0x6BF561D1,0,0.0,16,610.87604,387.54822,114.27584,Not in Vehicle,0.0
625,527.50226,-655.98145,110.35828,0,0,0.0,4,1,963528,0xAAD6A3AD,0,0.0,1,529.2558,-654.5742,109.981094,Not in Vehicle,0.0
651,603.41174,987.99786,67.829414,0,0,0.0,3,1,1045603,0x4A22FC60,0,0.0,2,615.4817,987.52734,61.848206,Not in Vehicle,0.0
672,296.06924,225.1184,104.95318,0,0,0.0,5,1,0,0x12FA11A9,0,0.0,0,296.66364,222.54294,104.00429,Not in Vehicle,0.0
882,-281.23822,171.3632,120.22397,0,0,0.0,3,1,525023,0x6BF561D1,0,0.0,1,-265.4184,173.70352,124.98917,Not in Vehicle,0.0
463,503.02252,-191.30902,91.07182,0,0,0.0,3,1,0,0x6BF561D1,0,0.0,0,503.88425,-190.84743,90.49549,Not in Vehicle,0.0
996,570.1667,990.9917,61.78707,0,0,0.0,3,1,1045603,0x4A22FC60,0,0.0,1,578.83356,1018.6866,67.2456,Not in Vehicle,0.0
404,302.3303,186.31433,104.39722,0,0,0.0,5,1,0,0xC267B78A,0,0.0,0,303.49927,186.74217,103.996796,Not in Vehicle,0.0
829,-1156.2574,106.18613,118.053474,0,0,0.0,3,1,0,0x6BF561D1,1,0.0,5,-1153.4427,105.30914,117.55286,Not in Vehicle,0.0
120,297.76065,254.66151,104.89406,0,0,0.0,3,1,0,0x6BF561D1,0,0.0,4,298.7485,253.55551,104.00001,Not in Vehicle,0.0
45,825.2518,-948.95,253.70886,0,0,0.0,3,1,0,0xB2B12B51,0,0.0,1,832.4315,-948.2914,252.05585,Not in Vehicle,0.0
752,430.33923,277.28302,107.36998,0,0,0.0,3,1,0,0xFC6A70F8,0,0.0,4,431.39886,278.5141,105.145195,Not in Vehicle,0.0
91,895.0142,1620.5022,87.63189,0,0,0.0,3,1,0,0x6BF561D1,0,0.0,1,898.36914,1619.9309,87.21751,Not in Vehicle,0.0
359,177.11479,-458.02618,107.45961,0,0,0.0,5,1,0,0x12FA11A9,0,0.0,3,178.97046,-457.52542,106.73459,Not in Vehicle,0.0
139,848.19073,-467.90228,108.49698,0,0,0.0,3,1,0,0x6BF561D1,0,0.0,0,850.2576,-470.1799,107.94125,Not in Vehicle,0.0
8,288.3762,191.1561,104.65314,0,0,0.0,5,1,0,0xC267B78A,0,0.0,0,286.6599,190.0248,103.99382,Not in Vehicle,0.0
998,573.85376,1002.92114,62.754936,0,0,0.0,3,1,1045603,0x4A22FC60,0,0.0,1,577.496,966.56647,66.65579,Not in Vehicle,0.0
889,-702.4477,714.4715,90.96669,0,0,0.0,3,1,0,0x6BF561D1,0,0.0,0,-702.06335,714.0805,88.726524,Not in Vehicle,0.0
721,823.3783,1123.8345,97.69495,0,0,0.0,3,1,0,0x6BF561D1,1,0.0,5,826.0136,1122.8434,96.70629,Not in Vehicle,0.0
203,14.711703,-1217.6582,108.88923,0,0,0.0,5,1,0,0x12FA11A9,0,0.0,5,11.305377,-1216.6266,107.99539,Not in Vehicle,0.0
33,812.97156,-946.7266,256.38257,0,0,0.0,3,1,1045603,0x4A22FC60,0,0.0,2,813.20197,-916.0165,262.68777,Not in Vehicle,0.0
222,-1288.4965,720.0472,100.5433,0,0,0.0,5,1,0,0x12FA11A9,0,0.0,5,-1288.2264,718.479,100.13669,Not in Vehicle,0.0
666,311.87485,-979.16675,110.564415,0,0,0.0,3,1,0,0x6BF561D1,0,0.0,0,310.63174,-978.7228,110.12257,Not in Vehicle,0.0
825,-857.85834,365.5153,116.66776,0,0,0.0,3,1,525023,0xFC6A70F8,0,0.0,1,-853.2173,374.42456,119.52354,Not in Vehicle,0.0
876,671.7046,-1489.8865,119.3758,0,0,0.0,3,1,0,0x6BF561D1,0,0.0,3,670.4243,-1487.092,118.98014,Not in Vehicle,0.0
335,539.12775,-171.56908,96.265045,0,0,0.0,5,1,0,0x12FA11A9,0,0.0,4,551.883,-173.61385,91.79599,Not in Vehicle,0.0
823,-239.9231,704.8708,102.29444,0,0,0.0,3,1,0,0x6BF561D1,0,0.0,0,-238.65352,702.8083,101.80635,Not in Vehicle,0.0
764,605.64795,914.1726,125.62878,0,0,0.0,3,1,0,0x6BF561D1,0,0.0,0,606.65985,915.00684,124.273445,Not in Vehicle,0.0
429,-1415.7181,374.6714,100.457535,0,0,0.0,5,1,0,0xDA7E7AFE,0,0.0,0,-1415.4365,373.53488,99.981224,Not in Vehicle,0.0
439,-1348.3263,275.0764,100.179276,0,0,0.0,5,1,0,0x12FA11A9,0,0.0,0,-1350.0854,272.9705,100.19837,Not in Vehicle,0.0
305,525.42065,1707.4452,100.89494,0,0,0.0,3,1,0,0x6BF561D1,0,0.0,3,526.5612,1713.3234,100.37896,Not in Vehicle,0.0
759,-1283.8075,-1281.2838,109.1668,0,0,0.0,3,1,0,0xB2B12B51,0,0.0,0,-1282.9406,-1281.5709,108.745575,Not in Vehicle,0.0
706,313.98898,193.41754,104.68096,0,0,0.0,5,1,0,0x12FA11A9,0,0.0,0,313.26276,193.0737,103.997734,Not in Vehicle,0.0
726,379.56216,194.57492,105.22621,0,0,0.0,5,1,0,0x12FA11A9,0,0.0,4,383.52444,194.76369,104.01705,Not in Vehicle,0.0
96,-1328.8966,303.79205,121.819565,0,0,0.0,5,1,0,0xC267B78A,1,0.0,0,-1330.2611,305.32404,121.33597,Not in Vehicle,0.0
414,299.817,202.37788,105.651054,0,0,0.0,3,1,0,0x6BF561D1,0,0.0,1,300.4326,205.15169,103.999565,Not in Vehicle,0.0
932,593.6291,985.0414,67.78452,0,0,0.0,3,1,1045603,0x4A22FC60,0,0.0,1,604.0594,987.7479,73.62134,Not in Vehicle,0.0
397,290.06937,221.04143,104.44303,0,0,0.0,3,1,0,0x6BF561D1,0,0.0,5,291.90634,217.13701,104.00592,Not in Vehicle,0.0
176,357.8579,217.93625,104.54778,0,0,0.0,3,1,0,0xFC6A70F8,0,0.0,4,356.6636,214.73395,104.127396,Not in Vehicle,0.0
370,-1127.4691,545.16986,109.22975,0,0,0.0,3,1,0,0x6BF561D1,0,0.0,0,-1128.4138,546.24194,106.98792,Not in Vehicle,0.0
101,-1762.0183,38.456966,100.48814,0,0,0.0,5,1,0,0xC267B78A,1,0.0,0,-1761.1831,35.99419,100.033424,Not in Vehicle,0.0
289,-108.25901,1095.3695,100.22244,0,0,0.0,5,1,0,0x12FA11A9,0,0.0,3,-109.19064,1095.0646,99.99492,Not in Vehicle,0.0
368,24.88199,-977.9019,110.93965,0,0,0.0,5,1,0,0x12FA11A9,0,0.0,4,23.843609,-976.89215,109.99486,Not in Vehicle,0.0
639,-1074.4508,569.75574,100.05294,0,0,0.0,3,1,0,0x6BF561D1,0,0.0,1,-1073.0132,570.0574,98.33691,Not in Vehicle,0.0
230,-773.4198,742.3761,100.346664,0,0,0.0,5,1,0,0x12FA11A9,0,0.0,0,-775.19434,741.99585,99.74319,Not in Vehicle,0.0
807,406.46515,259.2172,105.13811,0,0,0.0,5,1,0,0x12FA11A9,0,0.0,0,406.3158,257.7193,104.31943,Not in Vehicle,0.0
391,316.35913,200.52383,104.40625,0,0,0.0,5,1,0,0x12FA11A9,0,0.0,0,314.75653,201.00319,103.99803,Not in Vehicle,0.0
524,317.33945,551.2305,104.50644,0,0,0.0,3,1,0,0xFC6A70F8,0,0.0,0,315.82135,550.50916,104.066376,Not in Vehicle,0.0
723,258.48706,189.76767,104.698166,0,0,0.0,5,1,0,0x12FA11A9,0,0.0,0,259.1636,191.18271,103.98361,Not in Vehicle,0.0
599,570.9166,997.41144,61.632187,0,0,0.0,3,1,1045603,0x4A22FC60,1,0.0,1,567.1425,983.65405,67.59721,Not in Vehicle,0.0
682,407.45258,212.23871,104.620514,0,0,0.0,3,1,0,0x6BF561D1,0,0.0,4,408.68152,210.69212,104.31942,Not in Vehicle,0.0
107,-1136.4319,535.3494,117.99896,0,0,0.0,3,1,0,0x6BF561D1,1,0.0,4,-1137.3607,537.4073,116.83249,Not in Vehicle,0.0
536,619.78156,1001.58545,64.24488,0,0,0.0,3,1,1045603,0x4A22FC60,0,0.0,1,601.8186,1010.51575,60.23736,Not in Vehicle,0.0
663,351.0827,-951.96405,112.04632,0,0,0.0,3,1,0,0x6BF561D1,1,0.0,4,352.17816,-950.6981,110.130005,Not in Vehicle,0.0
428,-1386.979,328.37836,101.39073,0,0,0.0,5,1,0,0x12FA11A9,0,0.0,0,-1385.5452,327.18643,100.455376,Not in Vehicle,0.0
941,599.96277,984.4934,63.542255,0,0,0.0,3,1,1045603,0x4A22FC60,0,0.0,1,584.356,982.86884,66.84049,Not in Vehicle,0.0
583,530.55505,1713.6963,100.7961,0,0,0.0,3,1,0,0x6BF561D1,0,0.0,0,529.88696,1713.3385,100.37158,Not in Vehicle,0.0
384,362.58795,285.42664,108.049416,0,0,0.0,3,1,0,0xFC6A70F8,0,0.0,16,416.89075,243.77892,105.19407,Not in Vehicle,0.0
574,-1676.4081,447.3546,54.07557,0,0,0.0,5,1,659643,0x4A6FEA01,0,0.0,1,-1677.5078,450.89532,54.375767,Not in Vehicle,0.0
509,-576.55365,-529.6218,98.393005,0,0,0.0,3,1,0,0x6BF561D1,0,0.0,4,-573.50934,-529.4301,97.71697,Not in Vehicle,0.0
364,293.03577,267.56744,104.87488,0,0,0.0,5,1,0,0x12FA11A9,0,0.0,4,292.55167,263.98038,103.99584,Not in Vehicle,0.0
775,606.8624,913.0922,125.971,0,0,0.0,3,1,0,0x6BF561D1,0,0.0,0,606.9368,913.92816,125.30415,Not in Vehicle,0.0
410,320.4903,269.31482,104.77626,0,0,0.0,5,1,0,0x12FA11A9,0,0.0,0,318.60553,270.57162,103.99681,Not in Vehicle,0.0
458,-324.58728,145.35855,100.7802,0,0,0.0,3,1,0,0xFC6A70F8,1,0.0,5,-328.58484,142.89267,100.459984,Not in Vehicle,0.0
655,593.878,996.93823,61.51458,0,0,0.0,3,1,1045603,0x4A22FC60,0,0.0,1,597.4083,981.4036,63.14769,Not in Vehicle,0.0
132,385.28238,282.93546,104.552185,0,0,0.0,3,1,0,0x6BF561D1,0,0.0,5,382.0984,280.955,104.05252,Not in Vehicle,0.0
774,626.7527,895.8771,123.038216,0,0,0.0,3,1,0,0x6BF561D1,0,0.0,0,627.91486,895.38947,122.61106,Not in Vehicle,0.0
528,559.5453,1012.53827,65.619514,0,0,0.0,3,1,1045603,0x4A22FC60,0,0.0,1,556.5224,1008.012,67.26959,Not in Vehicle,0.0
940,570.302,983.45966,67.83889,0,0,0.0,3,1,1045603,0x4A22FC60,0,0.0,1,560.9795,986.4119,65.97993,Not in Vehicle,0.0
628,-1153.7699,113.435326,112.98786,0,0,0.0,3,1,0,0x6BF561D1,1,0.0,0,-1154.3945,114.03643,112.445114,Not in Vehicle,0.0
858,329.7357,58.66657,105.887505,0,0,0.0,3,1,0,0xB2B12B51,0,0.0,0,328.886,59.17532,104.10196,Not in Vehicle,0.0
544,563.41736,990.3275,63.17669,0,0,0.0,3,1,1045603,0x4A22FC60,0,0.0,1,573.63605,976.5633,61.814873,Not in Vehicle,0.0
240,541.2313,236.79248,105.27993,0,0,0.0,3,1,0,0xA7BB43AA,0,0.0,0,542.12134,237.2033,104.78684,Not in Vehicle,0.0
608,-1280.6442,-924.02246,118.492645,0,0,0.0,3,1,0,0x6BF561D1,0,0.0,4,-1281.8912,-926.81445,118.09953,Not in Vehicle,0.0
555,607.9977,989.1967,61.221737,0,0,0.0,3,1,1045603,0x4A22FC60,0,0.0,1,615.1097,979.3582,66.83153,Not in Vehicle,0.0
861,613.4293,1639.386,100.15203,0,0,0.0,3,1,0,0x6BF561D1,1,0.0,17,616.3761,1640.9861,99.79441,Not in Vehicle,0.0
123,425.34647,207.1957,105.65575,0,0,0.0,3,1,0,0xFC6A70F8,0,0.0,1,426.25726,206.32465,105.194984,Not in Vehicle,0.0
819,-101.88901,1155.3812,100.53812,0,0,0.0,3,1,0,0xFC6A70F8,0,0.0,3,-98.40198,1155.5879,99.99711,Not in Vehicle,0.0
564,-733.42126,708.7739,100.179474,0,0,0.0,3,1,0,0x6BF561D1,1,0.0,16,-735.9511,708.88354,99.67247,Not in Vehicle,0.0
695,292.73276,285.11038,104.438736,0,0,0.0,5,1,0,0x12FA11A9,0,0.0,4,293.16565,283.13123,103.998,Not in Vehicle,0.0
832,-1296.5565,-448.2142,30.287321,0,0,0.0,5,1,659643,0x4A6FEA01,1,0.0,1,-1297.4971,-447.551,28.559603,Not in Vehicle,0.0
910,564.6777,978.21484,62.938778,0,0,0.0,3,1,1045603,0x4A22FC60,0,0.0,1,567.85187,975.8711,61.87751,Not in Vehicle,0.0
471,872.6651,1609.2892,96.96193,0,0,0.0,3,1,0,0x6BF561D1,0,0.0,0,873.11597,1610.2805,96.506905,Not in Vehicle,0.0
603,-1159.12,111.49902,108.01568,0,0,0.0,3,1,0,0x6BF561D1,1,0.0,1,-1159.999,107.598724,107.52351,Not in Vehicle,0.0
361,229.8741,-711.5505,110.49754,0,0,0.0,5,1,0,0x12FA11A9,0,0.0,0,229.27606,-712.2743,110.14173,Not in Vehicle,0.0
954,561.841,-201.54259,94.50799,0,0,0.0,3,1,0,0x6BF561D1,0,0.0,0,560.5497,-202.86089,94.063805,Not in Vehicle,0.0
730,-841.49524,1327.7759,105.45502,0,0,0.0,5,1,0,0x12FA11A9,1,0.0,0,-840.49005,1328.6694,104.81994,Not in Vehicle,0.0
907,573.56274,988.6403,68.91266,0,0,0.0,3,1,1045603,0x4A22FC60,0,0.0,1,564.0221,1005.60345,66.40174,Not in Vehicle,0.0
834,884.6932,1621.5502,87.71804,0,0,0.0,3,1,0,0x6BF561D1,0,0.0,1,884.4562,1620.859,87.22244,Not in Vehicle,0.0
600,592.154,1003.6151,70.73718,0,0,0.0,3,1,1045603,0x4A22FC60,1,0.0,1,567.65247,982.05023,67.59693,Not in Vehicle,0.0
189,553.3571,982.32635,54.273277,0,0,0.0,3,1,1045603,0xE1313617,1,0.0,1,559.8231,989.1922,61.886932,Not in Vehicle,0.0
399,289.52295,221.71329,104.83584,0,0,0.0,5,1,0,0x12FA11A9,0,0.0,0,291.4993,221.67992,104.00768,Not in Vehicle,0.0
857,-1618.0311,522.6116,39.8434,0,0,0.0,5,1,659643,0x4A6FEA01,0,0.0,1,-1618.0732,522.6152,39.843597,Not in Vehicle,0.0
772,629.7357,895.55865,123.17311,0,0,0.0,3,1,0,0x6BF561D1,0,0.0,0,627.0385,894.84576,122.61106,Not in Vehicle,0.0
968,-1155.5509,108.27762,112.846634,0,0,0.0,3,1,0,0x6BF561D1,0,0.0,0,-1155.0314,108.96643,112.84444,Not in Vehicle,0.0
105,493.89206,1719.9417,107.90102,0,0,0.0,3,1,0,0x6BF561D1,0,0.0,0,494.6278,1721.1656,107.488335,Not in Vehicle,0.0
329,562.6663,1007.03156,61.73775,0,0,0.0,3,1,1045603,0x4A22FC60,0,0.0,1,575.6903,989.54663,60.562336,Not in Vehicle,0.0
664,-1677.7698,365.5904,101.98306,0,0,0.0,3,1,0,0x6BF561D1,1,0.0,0,-1679.0873,366.51407,102.16056,Not in Vehicle,0.0
871,-1104.0776,551.48566,100.705,0,0,0.0,3,1,0,0x6BF561D1,1,0.0,0,-1104.0355,552.1082,99.00004,Not in Vehicle,0.0
223,-1030.7242,766.1986,101.00392,0,0,0.0,5,1,0,0x12FA11A9,0,0.0,0,-1031.5035,766.8629,100.12286,Not in Vehicle,0.0
142,-515.42804,439.34836,100.523,0,0,0.0,4,1,0,0xAAD6A3AD,1,0.0,0,-515.0565,440.0465,100.06999,Not in Vehicle,0.0
689,-835.24225,1428.2295,107.57131,0,0,0.0,5,1,0,0x12FA11A9,1,0.0,4,-838.3997,1428.0469,106.871826,Not in Vehicle,0.0
30,-1230.9182,-1231.6505,109.159134,0,0,0.0,3,1,0,0x6BF561D1,0,0.0,4,-1229.6301,-1235.5691,108.77462,Not in Vehicle,0.0
459,807.0336,884.34296,103.63116,0,0,0.0,3,1,525023,0x6BF561D1,0,0.0,9,792.1862,887.8849,103.49486,Speed_Civ_Estate_02,0.0
170,246.77843,-982.59406,110.313644,0,0,0.0,3,1,0,0x6BF561D1,0,0.0,0,246.30397,-983.1369,110.16336,Not in Vehicle,0.0
147,-678.9456,678.94244,100.31577,0,0,0.0,3,1,0,0x6BF561D1,0,0.0,0,-678.4228,677.6488,99.90305,Not in Vehicle,0.0
229,-1003.6203,721.23364,100.47044,0,0,0.0,3,1,0,0x6BF561D1,1,0.0,0,-1003.3584,721.82306,100.03727,Not in Vehicle,0.0
89,-1070.5367,546.1643,107.44831,0,0,0.0,3,1,0,0x6BF561D1,0,0.0,4,-1073.5591,546.5583,106.99821,Not in Vehicle,0.0
692,-644.8707,1378.1147,104.51534,0,0,0.0,5,1,0,0x12FA11A9,1,0.0,4,-640.7371,1378.5767,103.87299,Not in Vehicle,0.0
407,407.87634,264.1586,105.26231,0,0,0.0,5,1,0,0x12FA11A9,0,0.0,5,404.3303,263.71027,104.34654,Not in Vehicle,0.0
294,-102.11602,1093.9161,101.02359,0,0,0.0,5,1,0,0x12FA11A9,0,0.0,4,-104.238365,1095.1814,99.99504,Not in Vehicle,0.0
265,-1145.7097,552.6784,119.73312,0,0,0.0,3,1,525023,0x6BF561D1,0,0.0,2,-1144.2695,545.67883,120.016525,Not in Vehicle,0.0
422,295.63965,219.00282,106.48742,0,0,0.0,3,1,0,0x6BF561D1,0,0.0,0,293.7432,217.56883,104.01122,Not in Vehicle,0.0
621,517.475,1009.1859,99.80963,0,0,0.0,5,1,0,0xDA7E7AFE,0,0.0,0,518.41046,1006.05054,99.59115,Not in Vehicle,0.0
345,694.5423,-1478.2646,113.4003,0,0,0.0,3,1,0,0x6BF561D1,0,0.0,0,695.7056,-1477.2262,112.946106,Not in Vehicle,0.0
173,-1145.8342,555.90796,109.26143,0,0,0.0,3,1,0,0x6BF561D1,0,0.0,16,-1144.8322,556.37537,108.358,Not in Vehicle,0.0
76,854.0117,-941.7736,254.13383,0,0,0.0,3,1,0,0x4A22FC60,0,0.0,1,844.92096,-939.67053,252.05614,Not in Vehicle,0.0
358,-106.03881,876.37616,100.9552,0,0,0.0,3,1,0,0x6BF561D1,0,0.0,0,-106.65214,875.94147,100.5111,Not in Vehicle,0.0
465,-821.51355,140.47827,99.53296,0,0,0.0,3,1,0,0xFC6A70F8,0,0.0,17,-822.5146,140.06999,99.08038,Not in Vehicle,0.0
543,593.6484,976.3543,62.73424,0,0,0.0,3,1,1045603,0x4A22FC60,0,0.0,1,607.55396,979.6175,65.81904,Not in Vehicle,0.0
512,317.6516,-959.8422,111.1176,0,0,0.0,3,1,0,0x6BF561D1,0,0.0,4,315.16492,-961.0792,110.13352,Not in Vehicle,0.0
826,603.673,379.53253,114.63247,0,0,0.0,3,1,516713,0x6BF561D1,1,0.0,2,606.2004,389.30692,105.51498,Not in Vehicle,0.0
937,570.0133,997.3949,68.06796,0,0,0.0,3,1,1045603,0x4A22FC60,0,0.0,1,616.0817,1000.9335,64.994255,Not in Vehicle,0.0
451,-1497.8131,408.70822,100.51653,0,0,0.0,3,1,0,0x6BF561D1,0,0.0,4,-1495.6339,410.57678,100.14488,Not in Vehicle,0.0
777,637.2738,-1756.3583,116.1745,0,0,0.0,4,1,0,0xAAD6A3AD,1,0.0,4,639.1904,-1757.1194,115.83549,Not in Vehicle,0.0
597,841.4749,1865.2183,104.61679,0,0,0.0,3,1,0,0x6BF561D1,0,0.0,17,844.5543,1863.0282,103.224014,Not in Vehicle,0.0
70,842.2722,-956.9227,253.66008,0,0,0.0,3,1,0,0x4A22FC60,0,0.0,4,832.9348,-946.37134,252.05556,Not in Vehicle,0.0
387,321.31897,274.21625,104.77458,0,0,0.0,5,1,0,0x12FA11A9,0,0.0,0,319.99234,276.23923,104.07497,Not in Vehicle,0.0
187,568.41437,990.8018,64.24641,0,0,0.0,3,1,1045603,0x4A22FC60,0,0.0,1,567.5726,995.1952,62.461575,Not in Vehicle,0.0
47,836.1411,-948.789,257.30618,0,0,0.0,3,1,0,0x6BF561D1,0,0.0,4,839.7289,-948.37695,252.05748,Not in Vehicle,0.0
382,623.81946,982.53625,53.890835,0,0,0.0,3,1,1045603,0xE1313617,1,0.0,2,612.2775,979.03015,60.45476,Not in Vehicle,0.0
52,829.18005,-948.74976,254.9895,0,0,0.0,3,1,0,0x4A22FC60,0,0.0,5,827.37506,-938.3415,252.05588,Not in Vehicle,0.0
741,-1121.8162,500.99048,100.83154,0,0,0.0,3,1,0,0x6BF561D1,0,0.0,0,-1123.1812,501.6738,97.99504,Not in Vehicle,0.0
15,-1500.8347,423.92975,100.38593,0,0,0.0,3,1,0,0x6BF561D1,0,0.0,4,-1500.6853,420.65372,99.99504,Not in Vehicle,0.0
545,597.49945,1018.6757,68.58946,0,0,0.0,3,1,1045603,0x4A22FC60,0,0.0,1,609.79083,1007.98676,66.62236,Not in Vehicle,0.0
828,-1158.0818,111.75889,107.94994,0,0,0.0,3,1,0,0x6BF561D1,0,0.0,0,-1157.9453,110.77898,107.56545,Not in Vehicle,0.0
168,385.7569,281.6362,104.55059,0,0,0.0,5,1,0,0x12FA11A9,0,0.0,0,388.18216,279.79718,104.18641,Not in Vehicle,0.0
250,-1635.5679,400.96146,101.98021,0,0,0.0,3,1,0,0x6BF561D1,0,0.0,4,-1634.496,399.23947,101.49974,Not in Vehicle,0.0
622,472.7947,-717.3598,111.080025,0,0,0.0,4,1,963528,0xAAD6A3AD,0,0.0,1,469.02374,-712.1016,110.94877,Not in Vehicle,0.0
116,494.01294,325.9299,105.93375,0,0,0.0,3,1,0,0x6BF561D1,0,0.0,4,493.07782,330.94196,105.076096,Not in Vehicle,0.0
962,604.9802,431.12665,106.50608,0,0,0.0,5,1,0,0x12FA11A9,0,0.0,3,606.33905,429.47852,105.9165,Not in Vehicle,0.0
812,-504.3599,430.08716,100.52551,0,0,0.0,4,1,0,0xAAD6A3AD,0,0.0,5,-501.94077,426.64713,100.05403,Not in Vehicle,0.0
852,646.0881,-1754.3661,116.32849,0,0,0.0,4,1,0,0xAAD6A3AD,0,0.0,16,643.2234,-1754.0679,115.835434,Not in Vehicle,0.0
557,592.9406,984.0717,68.60511,0,0,0.0,3,1,1045603,0x4A22FC60,0,0.0,1,626.78735,977.1101,66.88969,Not in Vehicle,0.0
456,-895.4706,-84.26131,98.79817,0,0,0.0,3,1,0,0xFC6A70F8,0,0.0,0,-896.77637,-84.47519,98.30061,Not in Vehicle,0.0
626,-1586.6818,468.77173,100.36371,0,0,0.0,5,1,0,0xDA7E7AFE,1,0.0,0,-1585.7153,467.14264,99.970345,Not in Vehicle,0.0
767,627.7851,895.0584,122.99815,0,0,0.0,3,1,0,0x6BF561D1,0,0.0,0,626.59607,894.5024,122.61106,Not in Vehicle,0.0
156,388.04822,278.15445,105.99308,0,0,0.0,5,1,0,0xDA7E7AFE,0,0.0,0,387.3299,280.89035,104.182396,Not in Vehicle,0.0
479,-360.2411,-1431.8959,115.343124,0,0,0.0,3,1,525023,0x6BF561D1,0,0.0,1,-354.909,-1454.8252,114.29722,Not in Vehicle,0.0
262,641.56165,-1772.5143,110.40596,0,0,0.0,4,1,0,0xAAD6A3AD,0,0.0,4,640.5624,-1775.778,109.984436,Not in Vehicle,0.0
79,830.1125,-938.76776,254.37517,0,0,0.0,3,1,0,0x4A22FC60,0,0.0,3,831.1511,-946.00073,252.05551,Not in Vehicle,0.0
786,614.345,984.59827,55.630295,0,0,0.0,3,1,1045603,0x4A22FC60,0,0.0,1,623.93616,982.6072,55.5423,Not in Vehicle,0.0
704,383.7549,265.0793,104.09986,0,0,0.0,5,1,0,0x12FA11A9,0,0.0,0,383.088,265.48932,103.84674,Not in Vehicle,0.0
745,-1096.6816,567.035,100.9606,0,0,0.0,3,1,0,0x6BF561D1,1,0.0,0,-1099.1167,563.47424,98.98681,Not in Vehicle,0.0
508,816.9953,-519.4908,108.61237,0,0,0.0,3,1,0,0x6BF561D1,0,0.0,16,813.1771,-517.8154,108.25718,Not in Vehicle,0.0
709,414.90018,203.04497,105.34833,0,0,0.0,5,1,0,0x12FA11A9,0,0.0,4,416.39145,200.6643,104.71696,Not in Vehicle,0.0
760,-1238.822,-1258.2653,121.87099,0,0,0.0,3,1,525023,0xB2B12B51,0,0.0,2,-1266.5752,-1228.6558,128.06995,Not in Vehicle,0.0
472,896.89453,1568.1418,96.83614,0,0,0.0,3,1,0,0x6BF561D1,0,0.0,0,894.84314,1568.0901,96.494484,Not in Vehicle,0.0
31,-1259.8534,-1231.6783,109.152725,0,0,0.0,3,1,0,0x6BF561D1,0,0.0,5,-1257.9688,-1231.7507,108.74432,Not in Vehicle,0.0
547,562.9423,1003.6934,66.61805,0,0,0.0,3,1,1045603,0x4A22FC60,0,0.0,1,570.2537,990.03796,63.655083,Not in Vehicle,0.0
974,-1074.4264,550.1693,107.45659,0,0,0.0,3,1,0,0x6BF561D1,1,0.0,4,-1076.8505,550.1363,107.00284,Not in Vehicle,0.0
657,575.7741,974.7904,61.430138,0,0,0.0,3,1,1045603,0x4A22FC60,0,0.0,1,604.1317,991.5123,71.63391,Not in Vehicle,0.0
35,813.22473,-929.7874,249.14851,0,0,0.0,3,1,1045603,0x4A22FC60,0,0.0,1,816.22266,-951.64795,262.83945,Not in Vehicle,0.0
135,533.7599,365.03806,105.708755,0,0,0.0,3,1,0,0x6BF561D1,0,0.0,5,529.0215,364.12726,105.24503,Not in Vehicle,0.0
272,-1681.3934,456.07535,55.05916,0,0,0.0,5,1,659643,0x4A6FEA01,0,0.0,1,-1680.365,456.43478,55.03365,Not in Vehicle,0.0
373,-1157.8457,111.48743,107.92402,0,0,0.0,3,1,0,0x6BF561D1,0,0.0,0,-1158.3569,112.100845,107.52783,Not in Vehicle,0.0
824,-861.59515,370.35062,119.02668,0,0,0.0,3,1,525023,0x6BF561D1,0,0.0,1,-860.2841,366.5186,119.50747,Not in Vehicle,0.0
801,-1644.3346,523.8582,39.76088,0,0,0.0,5,1,659643,0x4A6FEA01,0,0.0,1,-1647.1711,523.91296,39.76094,Not in Vehicle,0.0
532,591.5879,983.7976,57.940548,0,0,0.0,3,1,1045603,0x4A22FC60,0,0.0,1,588.5045,993.56287,60.982754,Not in Vehicle,0.0
483,503.18393,450.1011,104.561386,0,0,0.0,3,1,0,0x6BF561D1,1,0.0,4,502.81616,447.3378,104.14662,Not in Vehicle,0.0
402,-1371.2556,-564.91797,101.662056,0,0,0.0,3,1,0,0x6BF561D1,0,0.0,4,-1371.1119,-561.12317,100.80461,Not in Vehicle,0.0
77,837.0957,-934.9159,254.66599,0,0,0.0,3,1,0,0xB2B12B51,0,0.0,1,842.4249,-937.25494,252.07405,Not in Vehicle,0.0
58,852.38403,-931.3482,254.50615,0,0,0.0,3,1,0,0x4A22FC60,0,0.0,1,843.20483,-931.34625,252.05647,Not in Vehicle,0.0
604,-1157.8804,101.81981,112.85937,0,0,0.0,3,1,0,0x6BF561D1,1,0.0,0,-1159.5192,101.45426,112.449936,Not in Vehicle,0.0
569,-229.622,-1171.4293,111.156105,0,0,0.0,3,1,0,0x6BF561D1,0,0.0,0,-230.72856,-1172.6726,110.74972,Not in Vehicle,0.0
319,-1134.645,512.8724,98.62905,0,0,0.0,3,1,0,0x6BF561D1,0,0.0,0,-1134.6403,513.79706,98.14504,Not in Vehicle,0.0
911,597.5669,984.2124,61.47295,0,0,0.0,3,1,1045603,0x4A22FC60,0,0.0,1,600.24164,967.58057,67.0042,Not in Vehicle,0.0
21,52.625748,229.83559,104.94745,0,0,0.0,5,1,0,0x12FA11A9,0,0.0,0,54.198647,229.09882,104.495735,Not in Vehicle,0.0
369,-1105.3348,526.97974,124.48239,0,0,0.0,3,1,0,0x6BF561D1,0,0.0,0,-1107.261,528.0153,121.884796,Not in Vehicle,0.0
435,-1519.5292,271.6572,101.9667,0,0,0.0,3,1,0,0x6BF561D1,0,0.0,4,-1518.6389,274.05066,100.361984,Not in Vehicle,0.0
975,-508.76303,436.87027,100.71322,0,0,0.0,4,1,0,0xAAD6A3AD,0,0.0,0,-509.46387,436.99274,100.053604,Not in Vehicle,0.0
202,-26.149183,-1212.636,110.02566,0,0,0.0,5,1,0,0xDA7E7AFE,0,0.0,0,-27.430273,-1211.4077,107.988266,Not in Vehicle,0.0
2,182.83478,214.5071,104.54421,0,0,0.0,5,1,0,0xDA7E7AFE,0,0.0,0,180.99437,214.59424,104.12664,Not in Vehicle,0.0
186,571.15454,1001.1776,66.13718,0,0,0.0,3,1,1045603,0x4A22FC60,1,0.0,1,577.66693,970.5629,66.6901,Not in Vehicle,0.0
696,289.92035,202.27472,104.48645,0,0,0.0,5,1,0,0xC267B78A,0,0.0,0,290.10376,204.67125,103.99928,Not in Vehicle,0.0
83,829.4097,-918.00476,248.1776,0,0,0.0,3,1,0,0x4A22FC60,0,0.0,1,834.0778,-928.8823,252.05629,Not in Vehicle,0.0
342,-785.6425,-251.10954,102.26493,0,0,0.0,5,1,0,0x12FA11A9,0,0.0,0,-787.0155,-251.2945,101.70311,Not in Vehicle,0.0
162,380.33026,278.06238,104.484665,0,0,0.0,5,1,0,0xDA7E7AFE,0,0.0,0,382.77112,278.30038,104.063126,Not in Vehicle,0.0
424,294.9703,209.50072,106.42121,0,0,0.0,5,1,0,0x12FA11A9,0,0.0,5,294.59695,209.0506,104.00136,Not in Vehicle,0.0
646,585.8915,951.354,54.818752,0,0,0.0,3,1,1045603,0x4A22FC60,0,0.0,16,587.9946,945.09247,56.608322,Not in Vehicle,0.0
217,-840.2382,649.651,100.176895,0,0,0.0,5,1,0,0x12FA11A9,0,0.0,5,-839.15906,653.7979,99.71374,Not in Vehicle,0.0
680,242.5092,208.09804,104.65291,0,0,0.0,5,1,0,0x12FA11A9,0,0.0,0,244.30002,207.54205,103.99357,Not in Vehicle,0.0
383,553.0101,982.07605,54.31058,0,0,0.0,3,1,1045603,0xE1313617,1,0.0,2,563.72186,992.9191,57.881638,Not in Vehicle,0.0
993,588.3333,1018.22205,57.865337,0,0,0.0,3,1,1045603,0xE1313617,0,0.0,16,611.8239,1009.8007,65.86201,Not in Vehicle,0.0
238,-991.54706,705.23364,100.604485,0,0,0.0,3,1,0,0x6BF561D1,1,0.0,4,-995.145,705.9847,100.03357,Not in Vehicle,0.0
470,653.15216,-1777.6116,110.38868,0,0,0.0,4,1,0,0xAAD6A3AD,0,0.0,16,655.5177,-1776.7261,109.99746,Not in Vehicle,0.0
423,316.992,191.21124,104.41238,0,0,0.0,3,1,0,0x6BF561D1,0,0.0,0,315.90067,190.65356,103.99793,Not in Vehicle,0.0
285,-114.05668,1096.8068,100.334015,0,0,0.0,3,1,0,0x6BF561D1,0,0.0,4,-113.184784,1094.8224,99.9968,Not in Vehicle,0.0
963,-25.153152,-976.0864,110.41669,0,0,0.0,3,1,0,0x6BF561D1,0,0.0,1,-27.191687,-977.1579,109.993645,Not in Vehicle,0.0
716,342.67575,276.2348,104.48983,0,0,0.0,3,1,0,0x6BF561D1,0,0.0,0,341.31918,276.38846,103.97748,Not in Vehicle,0.0
146,-668.45245,687.8556,100.417465,0,0,0.0,3,1,0,0x6BF561D1,0,0.0,16,-670.1169,688.2087,99.869675,Not in Vehicle,0.0
27,-614.23944,-1800.2169,123.17615,0,0,0.0,3,1,525023,0xFC203B28,1,0.0,1,-617.68713,-1791.5989,121.920425,Not in Vehicle,0.0
32,-1245.5905,-1209.1721,107.498566,0,0,0.0,3,1,0,0x6BF561D1,0,0.0,0,-1245.1482,-1208.1682,106.94592,Not in Vehicle,0.0
347,361.2144,285.49863,105.24961,0,0,0.0,3,1,0,0x6BF561D1,0,0.0,0,358.9112,285.6248,103.94367,Not in Vehicle,0.0
57,834.8935,-933.6618,254.2561,0,0,0.0,3,1,0,0x4A22FC60,0,0.0,5,844.2283,-932.9292,252.05614,Not in Vehicle,0.0
640,696.7718,1457.1697,107.97375,0,0,0.0,3,1,0,0x6BF561D1,0,0.0,4,697.819,1461.4763,107.602165,Not in Vehicle,0.0
490,85.73687,125.54102,106.7452,0,0,0.0,3,1,525023,0x6BF561D1,1,0.0,2,75.09511,125.81182,106.91206,Not in Vehicle,0.0
970,-640.3375,-582.9567,97.58844,0,0,0.0,3,1,0,0x6BF561D1,0,0.0,0,-639.4686,-582.5949,97.398285,Not in Vehicle,0.0
742,-1118.7946,519.0953,99.4432,0,0,0.0,3,1,0,0x6BF561D1,1,0.0,0,-1119.5614,519.1491,99.01792,Not in Vehicle,0.0
